stratum,variant,term,increment,increment_lo,increment_hi,permutation_p,share_of_K,share_lo,share_hi,answers
qwen38 · Reactive,common,prompt_words_R0,0.011706435931553695,0.004588552731913996,0.01827469417379703,0.004975124378109453,0.17194641191513407,0.06808754794480329,0.2596818384154439,9757
qwen38 · Reactive,controls,prompt_words_R0,0.024346404839331138,0.019172995691400952,0.029896648732865985,,0.3561656893554609,0.28290859134752255,0.43291572794023225,9757
qwen38 · Reactive,target,prompt_words_R0,0.02059571945302666,0.01091715519829709,0.03133974085023879,,0.2653151167491708,0.15167037601961977,0.38526060883821567,9757
qwen38 · Reactive,common,query_rewriting,0.021882596316011513,0.016289557753858375,0.02809962777456142,0.004975124378109453,0.32141583842642096,0.2330469066457201,0.41591993195854676,9757
qwen38 · Reactive,controls,query_rewriting,0.004340483922426815,-0.001740353336386415,0.011277740907713742,,0.06349731956605023,-0.026500311785962374,0.1758967492145401,9757
qwen38 · Reactive,target,query_rewriting,0.0248658019065069,0.016148896581822888,0.033966163901380825,,0.3203225384251932,0.20649416711488136,0.44277458307916284,9757
qwen38 · Reactive,common,dedup_condition,0.0,0.0,0.0,1.0,0.0,0.0,0.0,9757
qwen38 · Reactive,controls,dedup_condition,0.0,0.0,0.0,,0.0,0.0,0.0,9757
qwen38 · Reactive,target,dedup_condition,0.0,0.0,0.0,,0.0,0.0,0.0,9757
qwen38 · Reactive,common,reranker,0.02380641765169985,0.01729672396863502,0.03054850998336695,0.004975124378109453,0.3496733010539456,0.2791151832075697,0.4216373619491718,9757
qwen38 · Reactive,controls,reranker,0.023912957413799413,0.01615129356763939,0.0322477570230221,,0.34982474899352045,0.2674540805109243,0.43506513764191174,9757
qwen38 · Reactive,target,reranker,0.023625436992469967,0.0155148352876146,0.03353963029605629,,0.3043440938396644,0.22618493989800764,0.3807243848327344,9757
qwen38 · Reactive,common,shown_order,0.0036686349265734747,0.00017112125142019553,0.00701806476427034,0.03482587064676617,0.05388562462043292,0.0025974113289821675,0.10294409518253315,9757
qwen38 · Reactive,controls,shown_order,0.004757930981171644,0.0008795939929185226,0.008475394492890354,,0.06960418916049121,0.013885154975839599,0.12162849814243043,9757
qwen38 · Reactive,target,shown_order,0.001453455313472768,-0.00359080084965047,0.006544490790537635,,0.018723486065307635,-0.04796819341058233,0.07886189805971382,9757
qwen38 · Reactive,common,generator,0.0070178006940031165,0.0031901643065483888,0.011508829858275053,0.004975124378109453,0.1030788239840664,0.048338703239138,0.16708408304442088,9757
qwen38 · Reactive,controls,generator,0.010999185815728764,0.007279396942101532,0.015856333804965546,,0.1609080529244772,0.1118777802480822,0.22871913593505946,9757
qwen38 · Reactive,target,generator,0.007086974119207973,0.001055172463916497,0.013199700126401473,,0.09129476492066398,0.015561890248378852,0.17695587013286054,9757
qwen38 · Reactive,common,generator_vs_random,0.010686435620576591,0.006552294708308103,0.014830779303220624,0.004975124378109453,0.15696444860449932,0.10050444023801547,0.20928499623590313,9757
qwen38 · Reactive,controls,generator_vs_random,0.01575711679690041,0.010934709974286933,0.0209023282130333,,0.2305122420849684,0.1684810743308926,0.30390847586746966,9757
qwen38 · Reactive,target,generator_vs_random,0.00854042943268074,0.002079534384417869,0.015091056697013926,,0.11001825098597161,0.028628772446201625,0.18372370366273663,9757
qwen38 · Reactive,common,admission_P,0.05739544989926506,0.04930361483403014,0.06788755754620235,0.004975124378109453,0.8430355513955007,0.7907150037640969,0.8994955597619846,9757
qwen38 · Reactive,controls,admission_P,0.052599846175557366,0.044110710100597125,0.06162641392066995,,0.7694877579150315,0.6960915241325303,0.8315189256691075,9757
qwen38 · Reactive,target,admission_P,0.06908695835200353,0.05683409219133972,0.08687881205856961,,0.8899817490140284,0.8162762963372634,0.9713712275537985,9757
qwen38 · Parallel,common,prompt_words_R0,0.01196707348786042,0.004815617310268953,0.01828200249905232,0.004975124378109453,0.20061352968623655,0.08312894560462475,0.29861579040292696,9950
qwen38 · Parallel,controls,prompt_words_R0,0.025595776842838928,0.020071296004583947,0.03180448496380135,,0.44709161653470647,0.3541193256172675,0.5450825977394412,9950
qwen38 · Parallel,target,prompt_words_R0,0.021823936951710865,0.01161511313074527,0.03212984596481951,,0.3040585698387384,0.1787772102226395,0.41199882908128865,9950
qwen38 · Parallel,common,query_rewriting,0.011034141794350923,0.006201025962062896,0.015488572875165078,0.004975124378109453,0.18497405691280075,0.09995670359721436,0.27140591314345747,9950
qwen38 · Parallel,controls,query_rewriting,-0.001958349794413068,-0.007832546880640804,0.004440898892174754,,-0.03420727492275779,-0.14252469209022184,0.07920127376672864,9950
qwen38 · Parallel,target,query_rewriting,0.008562418257882013,0.0011512267130619857,0.01709493494731725,,0.11929454596635508,0.014380503487027704,0.26016369479086554,9950
qwen38 · Parallel,common,dedup_condition,-0.00011722124484622731,-0.0004635815294631483,0.00029509973128647875,0.3781094527363184,-0.001965072555681335,-0.008376506264824985,0.004905824821202377,9950
qwen38 · Parallel,controls,dedup_condition,-0.00036132098944285235,-0.0007985082206078816,6.328730424637915e-05,,-0.006311337462028248,-0.013920348630723549,0.0010812371703002631,9950
qwen38 · Parallel,target,dedup_condition,0.00013364181951356843,-0.00038405819662112796,0.0006833102402716698,,0.0018619436356443876,-0.0052522289517911045,0.009674376213731066,9950
qwen38 · Parallel,common,reranker,0.027788871963737867,0.02164256711219763,0.03432476879758171,0.004975124378109453,0.46584686693029326,0.394661786393149,0.5369382519357732,9950
qwen38 · Parallel,controls,reranker,0.02291478554992388,0.01643971938708631,0.03038245072888932,,0.4002616750789458,0.30606215951752824,0.4989255142571686,9950
qwen38 · Parallel,target,reranker,0.032267148232101084,0.023618910146314825,0.04192788498438466,,0.4495569688427872,0.3576662928590745,0.5195272128199687,9950
qwen38 · Parallel,common,shown_order,0.003972123198589035,0.0025207453134192663,0.005563450599666977,0.004975124378109453,0.06658784673010312,0.04257038925286094,0.092800055438617,9950
qwen38 · Parallel,controls,shown_order,0.005035513796754487,0.003231849263119856,0.007022566244346041,,0.08795732269808602,0.05508432046030366,0.1232132286585841,9950
qwen38 · Parallel,target,shown_order,0.004320710259023849,0.0019634680878794068,0.006679987977419718,,0.060197616266636375,0.029631708703906884,0.09318100503562109,9950
qwen38 · Parallel,common,generator,0.005007385725255241,0.003259546559961802,0.007168710626483337,0.004975124378109453,0.08394277229624765,0.05288873053090292,0.12120418247009426,9950
qwen38 · Parallel,controls,generator,0.006023106542751552,0.0037769541673157384,0.008569154292764843,,0.10520799807304776,0.06654494095807842,0.14806225349273,9950
qwen38 · Parallel,target,generator,0.004667582229428119,0.0019822263997423322,0.007576989827633602,,0.06503035544983857,0.027507345446442562,0.1097685173953191,9950
qwen38 · Parallel,common,generator_vs_random,0.008979508923844276,0.007303783554678319,0.010861347650351063,0.004975124378109453,0.1505306190263508,0.12164931296100982,0.1849968499411742,9950
qwen38 · Parallel,controls,generator_vs_random,0.01105862033950604,0.008828652788653262,0.013912431083764325,,0.1931653207711338,0.15665513412778065,0.2319259402068201,9950
qwen38 · Parallel,target,generator_vs_random,0.008988292488451968,0.006228650357724636,0.012005574191481336,,0.12522797171647496,0.09263175880756416,0.16705247152077424,9950
qwen38 · Parallel,common,admission_P,0.05067286600110298,0.043377834223749086,0.058703251655837785,0.004975124378109453,0.8494693809736492,0.8150031500588258,0.8783506870389902,9950
qwen38 · Parallel,controls,admission_P,0.04619089160890689,0.03988638896170993,0.0525319542244732,,0.8068346792288662,0.7680740597931799,0.8433448658722194,9950
qwen38 · Parallel,target,admission_P,0.06278714526120753,0.0518215309877746,0.07580862598205688,,0.8747720282835251,0.8329475284792258,0.9073682411924358,9950
