treatment,outcome,learner,confounder,importance_outcome,importance_treatment,coef_outcome,se_outcome,pval_outcome,coef_treatment,se_treatment,pval_treatment
T1a_stats_present,rank_delta,lgbm,conf_title_kw_sim,178.0,131.0,-0.1914099060325718,0.16188601130717015,0.23788819471759393,-0.011974300185515818,0.0284702147803594,0.674321452421097
T1a_stats_present,rank_delta,lgbm,conf_snippet_kw_sim,145.0,148.0,0.2424589419863879,0.13072693532889443,0.06451011619712932,-0.0293789216337611,0.02299039859182035,0.20216941621956241
T1a_stats_present,rank_delta,lgbm,conf_title_len,95.0,117.0,-0.1733621287310924,0.12301467603944444,0.15967173447451133,0.049527925928069566,0.021634075851890453,0.022675218989144597
T1a_stats_present,rank_delta,lgbm,conf_snippet_len,163.0,123.0,0.13717337547409994,0.12267229448787036,0.26427146944596513,0.008844092407489746,0.021573862642414,0.6821061556722139
T1a_stats_present,rank_delta,lgbm,conf_brand_recog,32.0,14.0,0.3237807202096304,0.16560429176786393,0.05138954848745758,-0.04170906601966511,0.029124133191683416,0.15303543165804645
T1a_stats_present,rank_delta,lgbm,conf_title_has_kw,0.0,0.0,0.092990330312203,0.14859462947507532,0.5318692976948858,-0.0017537250174775847,0.026132715125929743,0.9465350752781836
T1a_stats_present,rank_delta,lgbm,conf_word_count,168.0,184.0,-0.37729723654039615,0.14661154262130405,0.010494831760967438,0.0548977374732573,0.02578395794673254,0.033964887045099035
T1a_stats_present,rank_delta,lgbm,conf_readability,111.0,110.0,0.028108525292702947,0.12067321857541995,0.815956028312474,-0.00965406344383128,0.021222293534433972,0.6494717923894915
T1a_stats_present,rank_delta,lgbm,conf_internal_links,143.0,147.0,-0.21531766184303186,0.1473272995838145,0.14480951958702715,0.03714433794664233,0.02590983512591971,0.15261085032345956
T1a_stats_present,rank_delta,lgbm,conf_outbound_links,90.0,78.0,-0.06435240991418612,0.1354333237286748,0.6349802960570261,0.0213664510113783,0.023818091407892625,0.3703210547299036
T1a_stats_present,rank_delta,lgbm,conf_images_alt,89.0,150.0,0.16969303259912014,0.13006398715971088,0.19288643254452276,0.009681155793012533,0.022873808673936166,0.6723879019231433
T1a_stats_present,rank_delta,lgbm,conf_bm25,112.0,175.0,0.29841115518898337,0.13150012626248245,0.023880779892128556,0.0518464374878927,0.023126376442949865,0.0256177635974002
T1a_stats_present,rank_delta,lgbm,conf_domain_authority,44.0,40.0,0.37498152590598266,0.17671715753693876,0.034570620741685376,-0.005154001334406551,0.031078506350402726,0.8683834895699074
T1a_stats_present,rank_delta,lgbm,conf_backlinks,130.0,111.0,0.017418296195779347,0.14309871086606596,0.9031913297702645,-0.029003940083003898,0.02516617093875487,0.24993129038031925
T1a_stats_present,rank_delta,lgbm,conf_referring_domains,70.0,64.0,-0.22414789682910785,0.1417961579439987,0.11486466842814913,-0.03155985591182136,0.024937096411841764,0.20653567828064268
T1a_stats_present,rank_delta,lgbm,conf_serp_position,255.0,61.0,3.5232824306199926,0.12062751629255598,0.0,-0.03293934026792969,0.021214256065361856,0.12143102359016367
T1b_stats_density,rank_delta,lgbm,conf_title_kw_sim,154.0,120.0,-0.18933853187609484,0.1579452229014125,0.23147593440150738,-0.021798958338709228,0.10520554815326118,0.8359779591771879
T1b_stats_density,rank_delta,lgbm,conf_snippet_kw_sim,144.0,202.0,0.24870959189763148,0.1317535203678846,0.0599397387533358,-0.1432631237477075,0.08775954775205297,0.10353265007568968
T1b_stats_density,rank_delta,lgbm,conf_title_len,100.0,107.0,-0.16598914623029512,0.12376361671563613,0.18077916529103955,0.08371019903183109,0.08243756220551177,0.31063671193410225
T1b_stats_density,rank_delta,lgbm,conf_snippet_len,156.0,94.0,0.17283380193864023,0.12325782177679533,0.1617857538095151,0.014682526577185658,0.08210065784831506,0.8581758147289738
T1b_stats_density,rank_delta,lgbm,conf_brand_recog,32.0,4.0,0.3239445627112032,0.16709733660309226,0.05339027145176911,-0.014851270394335305,0.1113016688276243,0.893932111320733
T1b_stats_density,rank_delta,lgbm,conf_title_has_kw,0.0,0.0,0.07220246953857427,0.14483283332079547,0.618445710673968,0.011994043828976349,0.09647153196659253,0.9011313829259051
T1b_stats_density,rank_delta,lgbm,conf_word_count,147.0,135.0,-0.379365018892068,0.14755416707194102,0.010574980991081118,0.014969739104272725,0.09828418197105605,0.8790343518644268
T1b_stats_density,rank_delta,lgbm,conf_readability,124.0,112.0,0.032272059478969835,0.12113822904159154,0.7900912348440263,-0.04482659829071589,0.0806888208109393,0.5788933188144645
T1b_stats_density,rank_delta,lgbm,conf_internal_links,138.0,138.0,-0.21696587527110672,0.14771481928766247,0.14282958374570498,-0.10710264969603843,0.0983911906168798,0.27714676600513677
T1b_stats_density,rank_delta,lgbm,conf_outbound_links,89.0,55.0,-0.07588548196080304,0.13611917027517612,0.5775663301159495,0.02866770134214107,0.09066745837514616,0.752060691708349
T1b_stats_density,rank_delta,lgbm,conf_images_alt,104.0,79.0,0.1627422418959742,0.13026485581032066,0.21242882078163072,0.06394301157913979,0.08676796492404554,0.4616776915899299
T1b_stats_density,rank_delta,lgbm,conf_bm25,89.0,140.0,0.2531585244783938,0.13177479434302583,0.055569430345288495,-0.021118938311706303,0.08777371810918703,0.8100085204644358
T1b_stats_density,rank_delta,lgbm,conf_domain_authority,41.0,82.0,0.3635218893846432,0.17953876296663307,0.04369265568976455,0.12878124342079406,0.11958876391249273,0.28232136471524916
T1b_stats_density,rank_delta,lgbm,conf_backlinks,150.0,95.0,0.015232635517906552,0.1435220918802424,0.9155397926944469,-0.10194950285650038,0.09559846173877909,0.28700213917263095
T1b_stats_density,rank_delta,lgbm,conf_referring_domains,58.0,66.0,-0.23213678981653735,0.1433107978858477,0.10622174731649392,-0.04827163877570204,0.09545772117003354,0.6134126265254549
T1b_stats_density,rank_delta,lgbm,conf_serp_position,256.0,91.0,3.5337500076731674,0.12149561635652399,0.0,0.019858798040463203,0.08092687250810245,0.8063046269534899
T2a_question_headings,rank_delta,lgbm,conf_title_kw_sim,178.0,151.0,-0.1914099060325718,0.16188601130717015,0.23788819471759393,0.02300640548218546,0.028829613946197683,0.4254232708747485
T2a_question_headings,rank_delta,lgbm,conf_snippet_kw_sim,145.0,143.0,0.2424589419863879,0.13072693532889443,0.06451011619712932,0.026485081175293333,0.023280622256795645,0.25607458633050584
T2a_question_headings,rank_delta,lgbm,conf_title_len,95.0,113.0,-0.1733621287310924,0.12301467603944444,0.15967173447451133,0.04217994985626235,0.02190717771904656,0.05501883986548162
T2a_question_headings,rank_delta,lgbm,conf_snippet_len,163.0,128.0,0.13717337547409994,0.12267229448787036,0.26427146944596513,0.0019656304783406855,0.02184620439667931,0.9283597110343067
T2a_question_headings,rank_delta,lgbm,conf_brand_recog,32.0,7.0,0.3237807202096304,0.16560429176786393,0.05138954848745758,0.06069507617964804,0.029491787220836542,0.040353318708258534
T2a_question_headings,rank_delta,lgbm,conf_title_has_kw,0.0,0.0,0.092990330312203,0.14859462947507532,0.5318692976948858,0.03657049087012174,0.02646260642073753,0.16789398222703733
T2a_question_headings,rank_delta,lgbm,conf_word_count,168.0,201.0,-0.37729723654039615,0.14661154262130405,0.010494831760967438,0.08871117651176033,0.0261094466390222,0.0007607468953607643
T2a_question_headings,rank_delta,lgbm,conf_readability,111.0,142.0,0.028108525292702947,0.12067321857541995,0.815956028312474,-0.00605269323530933,0.021490197189263878,0.7783849959267657
T2a_question_headings,rank_delta,lgbm,conf_internal_links,143.0,147.0,-0.21531766184303186,0.1473272995838145,0.14480951958702715,0.07110372033839492,0.026236912852698472,0.007070109475228126
T2a_question_headings,rank_delta,lgbm,conf_outbound_links,90.0,89.0,-0.06435240991418612,0.1354333237286748,0.6349802960570261,0.007880674170904392,0.024118763610399573,0.744063354520947
T2a_question_headings,rank_delta,lgbm,conf_images_alt,89.0,116.0,0.16969303259912014,0.13006398715971088,0.19288643254452276,-0.05765163574520829,0.023162560543930073,0.013290877216366237
T2a_question_headings,rank_delta,lgbm,conf_bm25,112.0,118.0,0.29841115518898337,0.13150012626248245,0.023880779892128556,0.08120904208927113,0.02341831665016573,0.0005926414949537495
T2a_question_headings,rank_delta,lgbm,conf_domain_authority,44.0,112.0,0.37498152590598266,0.17671715753693876,0.034570620741685376,-0.05413799726656997,0.03147083178047078,0.08630055843944939
T2a_question_headings,rank_delta,lgbm,conf_backlinks,130.0,51.0,0.017418296195779347,0.14309871086606596,0.9031913297702645,-0.00586544490167551,0.025483860879365074,0.8181042536777632
T2a_question_headings,rank_delta,lgbm,conf_referring_domains,70.0,98.0,-0.22414789682910785,0.1417961579439987,0.11486466842814913,0.03983549892817274,0.025251894586635567,0.115610156579671
T2a_question_headings,rank_delta,lgbm,conf_serp_position,255.0,67.0,3.5232824306199926,0.12062751629255598,0.0,-0.02838222587100981,0.02148205825767375,0.18732634956980965
T2b_structural_modularity,rank_delta,lgbm,conf_title_kw_sim,178.0,128.0,-0.1914099060325718,0.16188601130717015,0.23788819471759393,-3.9170879898682798,1.6932594629808202,0.02130353816380559
T2b_structural_modularity,rank_delta,lgbm,conf_snippet_kw_sim,145.0,122.0,0.2424589419863879,0.13072693532889443,0.06451011619712932,2.6475228153975716,1.3673486580142091,0.05367103614131574
T2b_structural_modularity,rank_delta,lgbm,conf_title_len,95.0,43.0,-0.1733621287310924,0.12301467603944444,0.15967173447451133,1.5414090055989522,1.2866816756271737,0.23176716738626424
T2b_structural_modularity,rank_delta,lgbm,conf_snippet_len,163.0,125.0,0.13717337547409994,0.12267229448787036,0.26427146944596513,-0.6590969877554748,1.2831005088699494,0.6078146755819915
T2b_structural_modularity,rank_delta,lgbm,conf_brand_recog,32.0,20.0,0.3237807202096304,0.16560429176786393,0.05138954848745758,11.091631511717587,1.7321511097960605,5.085809551275133e-10
T2b_structural_modularity,rank_delta,lgbm,conf_title_has_kw,0.0,0.0,0.092990330312203,0.14859462947507532,0.5318692976948858,3.8095148040936686,1.5542372097202688,0.014749918193323719
T2b_structural_modularity,rank_delta,lgbm,conf_word_count,168.0,144.0,-0.37729723654039615,0.14661154262130405,0.010494831760967438,9.031288556175442,1.5334949568600778,9.361525554751893e-09
T2b_structural_modularity,rank_delta,lgbm,conf_readability,111.0,149.0,0.028108525292702947,0.12067321857541995,0.815956028312474,0.016986168242233163,1.262191017193421,0.9892705854158241
T2b_structural_modularity,rank_delta,lgbm,conf_internal_links,143.0,191.0,-0.21531766184303186,0.1473272995838145,0.14480951958702715,6.913691651452055,1.5409814730833082,9.935534753369168e-06
T2b_structural_modularity,rank_delta,lgbm,conf_outbound_links,90.0,138.0,-0.06435240991418612,0.1354333237286748,0.6349802960570261,0.7176120248408202,1.416575497504808,0.6127782426977717
T2b_structural_modularity,rank_delta,lgbm,conf_images_alt,89.0,144.0,0.16969303259912014,0.13006398715971088,0.19288643254452276,-3.3195890818411202,1.3604144995166854,0.015195245475367214
T2b_structural_modularity,rank_delta,lgbm,conf_bm25,112.0,112.0,0.29841115518898337,0.13150012626248245,0.023880779892128556,2.441704178546202,1.375435909373468,0.07676105830840396
T2b_structural_modularity,rank_delta,lgbm,conf_domain_authority,44.0,130.0,0.37498152590598266,0.17671715753693876,0.034570620741685376,-2.319896066433739,1.8483870030173555,0.2103123683242969
T2b_structural_modularity,rank_delta,lgbm,conf_backlinks,130.0,113.0,0.017418296195779347,0.14309871086606596,0.9031913297702645,-3.186658313242104,1.4967522169322274,0.03397276267532501
T2b_structural_modularity,rank_delta,lgbm,conf_referring_domains,70.0,133.0,-0.22414789682910785,0.1417961579439987,0.11486466842814913,-0.594217086297933,1.483128062235261,0.6889300495570094
T2b_structural_modularity,rank_delta,lgbm,conf_serp_position,255.0,73.0,3.5232824306199926,0.12062751629255598,0.0,-0.37438553286801934,1.2617129905726254,0.7668564566037515
T3_structured_data_new,rank_delta,lgbm,conf_title_kw_sim,178.0,136.0,-0.1914099060325718,0.16188601130717015,0.23788819471759393,0.04228313813022766,0.03416343852486281,0.21669669566156613
T3_structured_data_new,rank_delta,lgbm,conf_snippet_kw_sim,145.0,161.0,0.2424589419863879,0.13072693532889443,0.06451011619712932,0.012603914356637923,0.027587816776696333,0.6480613839158023
T3_structured_data_new,rank_delta,lgbm,conf_title_len,95.0,176.0,-0.1733621287310924,0.12301467603944444,0.15967173447451133,0.06315172037541428,0.02596026851606872,0.015507976232642662
T3_structured_data_new,rank_delta,lgbm,conf_snippet_len,163.0,144.0,0.13717337547409994,0.12267229448787036,0.26427146944596513,0.022601651733065404,0.025888014397292186,0.38325309563275645
T3_structured_data_new,rank_delta,lgbm,conf_brand_recog,32.0,2.0,0.3237807202096304,0.16560429176786393,0.05138954848745758,-0.028332135969896817,0.03494812180238257,0.41811345152267454
T3_structured_data_new,rank_delta,lgbm,conf_title_has_kw,0.0,0.0,0.092990330312203,0.14859462947507532,0.5318692976948858,-0.02573039204866923,0.031358506199551155,0.41249601287038695
T3_structured_data_new,rank_delta,lgbm,conf_word_count,168.0,116.0,-0.37729723654039615,0.14661154262130405,0.010494831760967438,0.07278656017037954,0.030940007619771285,0.019220273142520394
T3_structured_data_new,rank_delta,lgbm,conf_readability,111.0,99.0,0.028108525292702947,0.12067321857541995,0.815956028312474,-0.018085047605168,0.025466141583884317,0.47809428694770695
T3_structured_data_new,rank_delta,lgbm,conf_internal_links,143.0,176.0,-0.21531766184303186,0.1473272995838145,0.14480951958702715,0.08821556886450498,0.03109105661276346,0.004823843172673925
T3_structured_data_new,rank_delta,lgbm,conf_outbound_links,90.0,97.0,-0.06435240991418612,0.1354333237286748,0.6349802960570261,0.02327480993293557,0.02858102433967064,0.416020784348921
T3_structured_data_new,rank_delta,lgbm,conf_images_alt,89.0,133.0,0.16969303259912014,0.13006398715971088,0.19288643254452276,-0.021738945859904026,0.027447912230032956,0.42891192794343147
T3_structured_data_new,rank_delta,lgbm,conf_bm25,112.0,138.0,0.29841115518898337,0.13150012626248245,0.023880779892128556,0.033034350685994175,0.027750986285379173,0.23473058519016843
T3_structured_data_new,rank_delta,lgbm,conf_domain_authority,44.0,68.0,0.37498152590598266,0.17671715753693876,0.034570620741685376,-0.04144072942556519,0.037293313357052896,0.2672674739977192
T3_structured_data_new,rank_delta,lgbm,conf_backlinks,130.0,146.0,0.017418296195779347,0.14309871086606596,0.9031913297702645,-0.02375478582918111,0.030198680986609952,0.4320574618773112
T3_structured_data_new,rank_delta,lgbm,conf_referring_domains,70.0,114.0,-0.22414789682910785,0.1417961579439987,0.11486466842814913,-0.023739754893360013,0.029923798145781968,0.4281361408942972
T3_structured_data_new,rank_delta,lgbm,conf_serp_position,255.0,69.0,3.5232824306199926,0.12062751629255598,0.0,-0.02010756742596603,0.025456496852270624,0.43015186988387
T4a_ext_citations,rank_delta,lgbm,conf_title_kw_sim,178.0,23.0,-0.1914099060325718,0.16188601130717015,0.23788819471759393,-0.028986750047097914,0.019048681322784755,0.1290143309947287
T4a_ext_citations,rank_delta,lgbm,conf_snippet_kw_sim,145.0,56.0,0.2424589419863879,0.13072693532889443,0.06451011619712932,0.010167397135283463,0.015382278624799921,0.5090746338217755
T4a_ext_citations,rank_delta,lgbm,conf_title_len,95.0,70.0,-0.1733621287310924,0.12301467603944444,0.15967173447451133,-0.0126602541517561,0.014474798303942129,0.382390247361613
T4a_ext_citations,rank_delta,lgbm,conf_snippet_len,163.0,47.0,0.13717337547409994,0.12267229448787036,0.26427146944596513,-0.013458996181359466,0.014434511209250791,0.35178616666461826
T4a_ext_citations,rank_delta,lgbm,conf_brand_recog,32.0,0.0,0.3237807202096304,0.16560429176786393,0.05138954848745758,-0.008230074174986814,0.01948620114918965,0.6730352164376574
T4a_ext_citations,rank_delta,lgbm,conf_title_has_kw,0.0,0.0,0.092990330312203,0.14859462947507532,0.5318692976948858,0.026399985045580714,0.017484721010126096,0.13200602876176326
T4a_ext_citations,rank_delta,lgbm,conf_word_count,168.0,195.0,-0.37729723654039615,0.14661154262130405,0.010494831760967438,0.003729495741967581,0.01725137663893632,0.8289736445613776
T4a_ext_citations,rank_delta,lgbm,conf_readability,111.0,119.0,0.028108525292702947,0.12067321857541995,0.815956028312474,-0.007255426722752268,0.014199285449539724,0.6097047716809287
T4a_ext_citations,rank_delta,lgbm,conf_internal_links,143.0,87.0,-0.21531766184303186,0.1473272995838145,0.14480951958702715,0.03990545756987706,0.017335597790432575,0.021946193815080894
T4a_ext_citations,rank_delta,lgbm,conf_outbound_links,90.0,455.0,-0.06435240991418612,0.1354333237286748,0.6349802960570261,0.07185184161798322,0.015936066392407345,9.003581524336113e-06
T4a_ext_citations,rank_delta,lgbm,conf_images_alt,89.0,83.0,0.16969303259912014,0.13006398715971088,0.19288643254452276,-0.023305936669832338,0.015304271338646338,0.12873407639663847
T4a_ext_citations,rank_delta,lgbm,conf_bm25,112.0,63.0,0.29841115518898337,0.13150012626248245,0.023880779892128556,0.01779438416948415,0.015473257873572928,0.25095322285817057
T4a_ext_citations,rank_delta,lgbm,conf_domain_authority,44.0,43.0,0.37498152590598266,0.17671715753693876,0.034570620741685376,-0.019706793728391306,0.020793821473569174,0.343947295991035
T4a_ext_citations,rank_delta,lgbm,conf_backlinks,130.0,75.0,0.017418296195779347,0.14309871086606596,0.9031913297702645,0.0018656825265377516,0.016838031396158536,0.9118393590142388
T4a_ext_citations,rank_delta,lgbm,conf_referring_domains,70.0,66.0,-0.22414789682910785,0.1417961579439987,0.11486466842814913,0.025332216664267285,0.01668476357938935,0.12987748108827768
T4a_ext_citations,rank_delta,lgbm,conf_serp_position,255.0,57.0,3.5232824306199926,0.12062751629255598,0.0,0.016784309549490676,0.014193907787720955,0.23783814724337526
T4b_auth_citations,rank_delta,lgbm,conf_title_kw_sim,178.0,67.0,-0.1914099060325718,0.16188601130717015,0.23788819471759393,0.013294769889271675,0.02020751397371744,0.5110423764961034
T4b_auth_citations,rank_delta,lgbm,conf_snippet_kw_sim,145.0,83.0,0.2424589419863879,0.13072693532889443,0.06451011619712932,0.0023991968011124335,0.016318064489139014,0.8831983313894427
T4b_auth_citations,rank_delta,lgbm,conf_title_len,95.0,142.0,-0.1733621287310924,0.12301467603944444,0.15967173447451133,-0.004429747709250772,0.015355377311277897,0.7731547491848847
T4b_auth_citations,rank_delta,lgbm,conf_snippet_len,163.0,102.0,0.13717337547409994,0.12267229448787036,0.26427146944596513,0.028206211841684956,0.015312639338231862,0.06634785146319189
T4b_auth_citations,rank_delta,lgbm,conf_brand_recog,32.0,1.0,0.3237807202096304,0.16560429176786393,0.05138954848745758,0.019429313229094462,0.020671650459390078,0.3479393401153015
T4b_auth_citations,rank_delta,lgbm,conf_title_has_kw,0.0,0.0,0.092990330312203,0.14859462947507532,0.5318692976948858,0.009404156079291431,0.018548409632747283,0.6124811734206377
T4b_auth_citations,rank_delta,lgbm,conf_word_count,168.0,86.0,-0.37729723654039615,0.14661154262130405,0.010494831760967438,0.012229945585090166,0.018300869681734215,0.5044165324451535
T4b_auth_citations,rank_delta,lgbm,conf_readability,111.0,104.0,0.028108525292702947,0.12067321857541995,0.815956028312474,0.00016114494165033974,0.015063103543822091,0.9914707126507114
T4b_auth_citations,rank_delta,lgbm,conf_internal_links,143.0,84.0,-0.21531766184303186,0.1473272995838145,0.14480951958702715,-0.016391728814900617,0.018390214454052256,0.3733868248213046
T4b_auth_citations,rank_delta,lgbm,conf_outbound_links,90.0,110.0,-0.06435240991418612,0.1354333237286748,0.6349802960570261,0.005920694848672837,0.016905542113588287,0.7263901482600126
T4b_auth_citations,rank_delta,lgbm,conf_images_alt,89.0,149.0,0.16969303259912014,0.13006398715971088,0.19288643254452276,-0.023940013901067217,0.016235311604659037,0.14126046801029601
T4b_auth_citations,rank_delta,lgbm,conf_bm25,112.0,251.0,0.29841115518898337,0.13150012626248245,0.023880779892128556,-0.0027771833935948623,0.01641457848975384,0.8657483621214288
T4b_auth_citations,rank_delta,lgbm,conf_domain_authority,44.0,68.0,0.37498152590598266,0.17671715753693876,0.034570620741685376,-0.004019058336877035,0.022058820286500885,0.8555370850830197
T4b_auth_citations,rank_delta,lgbm,conf_backlinks,130.0,87.0,0.017418296195779347,0.14309871086606596,0.9031913297702645,-0.002929648712324652,0.01786237844825388,0.869819538401452
T4b_auth_citations,rank_delta,lgbm,conf_referring_domains,70.0,60.0,-0.22414789682910785,0.1417961579439987,0.11486466842814913,0.010958403370679458,0.017699786534587928,0.5362502232531958
T4b_auth_citations,rank_delta,lgbm,conf_serp_position,255.0,143.0,3.5232824306199926,0.12062751629255598,0.0,-0.032024329042618406,0.01505739873021808,0.034159252865001655
T5_topical_comp,rank_delta,lgbm,conf_title_kw_sim,154.0,139.0,-0.18933853187609484,0.1579452229014125,0.23147593440150738,0.02944017986984816,0.009694102603637306,0.002579368396762316
T5_topical_comp,rank_delta,lgbm,conf_snippet_kw_sim,144.0,169.0,0.24870959189763148,0.1317535203678846,0.0599397387533358,0.02536153717240944,0.00808655128261729,0.001864173958758375
T5_topical_comp,rank_delta,lgbm,conf_title_len,100.0,114.0,-0.16598914623029512,0.12376361671563613,0.18077916529103955,-0.0023869736406026917,0.007596160092714576,0.753540500512512
T5_topical_comp,rank_delta,lgbm,conf_snippet_len,156.0,119.0,0.17283380193864023,0.12325782177679533,0.1617857538095151,0.007998357431834236,0.007565116241286516,0.29115784681952683
T5_topical_comp,rank_delta,lgbm,conf_brand_recog,32.0,10.0,0.3239445627112032,0.16709733660309226,0.05339027145176911,-0.003123397908267728,0.01025582601403521,0.7609007495276094
T5_topical_comp,rank_delta,lgbm,conf_title_has_kw,0.0,0.0,0.07220246953857427,0.14483283332079547,0.618445710673968,-0.0049868106131863675,0.008889311881649415,0.5751831155014118
T5_topical_comp,rank_delta,lgbm,conf_word_count,147.0,118.0,-0.379365018892068,0.14755416707194102,0.010574980991081118,0.0331726131795935,0.009056337437204286,0.00029010634641335464
T5_topical_comp,rank_delta,lgbm,conf_readability,124.0,144.0,0.032272059478969835,0.12113822904159154,0.7900912348440263,-0.006865586451043494,0.007435023357972057,0.3564633870067053
T5_topical_comp,rank_delta,lgbm,conf_internal_links,138.0,106.0,-0.21696587527110672,0.14771481928766247,0.14282958374570498,-0.0074007830061590995,0.00906619768516935,0.414910991857506
T5_topical_comp,rank_delta,lgbm,conf_outbound_links,89.0,102.0,-0.07588548196080304,0.13611917027517612,0.5775663301159495,-0.011199635573393346,0.008354498975845469,0.1809827020301371
T5_topical_comp,rank_delta,lgbm,conf_images_alt,104.0,126.0,0.1627422418959742,0.13026485581032066,0.21242882078163072,-0.01681967252509709,0.007995182473239429,0.036154221009345955
T5_topical_comp,rank_delta,lgbm,conf_bm25,89.0,157.0,0.2531585244783938,0.13177479434302583,0.055569430345288495,0.05314500880425473,0.008087857001739515,1.934890025978575e-10
T5_topical_comp,rank_delta,lgbm,conf_domain_authority,41.0,93.0,0.3635218893846432,0.17953876296663307,0.04369265568976455,0.008415255127225406,0.011019435457158699,0.4456039550009463
T5_topical_comp,rank_delta,lgbm,conf_backlinks,150.0,86.0,0.015232635517906552,0.1435220918802424,0.9155397926944469,0.008581445980694907,0.008808863345263531,0.3306748759057092
T5_topical_comp,rank_delta,lgbm,conf_referring_domains,58.0,90.0,-0.23213678981653735,0.1433107978858477,0.10622174731649392,-0.01958029580084599,0.00879589488934212,0.026680227555037073
T5_topical_comp,rank_delta,lgbm,conf_serp_position,256.0,87.0,3.5337500076731674,0.12149561635652399,0.0,-0.0017835808166995993,0.007456958489890268,0.8111109445688107
T6_freshness,rank_delta,lgbm,conf_title_kw_sim,178.0,120.0,-0.1914099060325718,0.16188601130717015,0.23788819471759393,0.08082681706640836,0.12704287038202045,0.5250656578236916
T6_freshness,rank_delta,lgbm,conf_snippet_kw_sim,145.0,155.0,0.2424589419863879,0.13072693532889443,0.06451011619712932,0.07632480011620058,0.10259024214831534,0.4574071523153038
T6_freshness,rank_delta,lgbm,conf_title_len,95.0,118.0,-0.1733621287310924,0.12301467603944444,0.15967173447451133,0.32435387230694274,0.09653791218261479,0.0008689407123656512
T6_freshness,rank_delta,lgbm,conf_snippet_len,163.0,166.0,0.13717337547409994,0.12267229448787036,0.26427146944596513,-0.2114594078598789,0.09626922228948198,0.028731782699000563
T6_freshness,rank_delta,lgbm,conf_brand_recog,32.0,4.0,0.3237807202096304,0.16560429176786393,0.05138954848745758,0.011745284529365874,0.12996085581385372,0.9280423128698092
T6_freshness,rank_delta,lgbm,conf_title_has_kw,0.0,0.0,0.092990330312203,0.14859462947507532,0.5318692976948858,0.04512578336631379,0.11661222671084628,0.6990197227749166
T6_freshness,rank_delta,lgbm,conf_word_count,168.0,174.0,-0.37729723654039615,0.14661154262130405,0.010494831760967438,0.5015237193589517,0.11505596472078516,1.7365009625569527e-05
T6_freshness,rank_delta,lgbm,conf_readability,111.0,110.0,0.028108525292702947,0.12067321857541995,0.815956028312474,0.07205872896356505,0.0947004126068012,0.4472398310359911
T6_freshness,rank_delta,lgbm,conf_internal_links,143.0,164.0,-0.21531766184303186,0.1473272995838145,0.14480951958702715,0.18655706960646098,0.11561766747866399,0.10755415132277935
T6_freshness,rank_delta,lgbm,conf_outbound_links,90.0,90.0,-0.06435240991418612,0.1354333237286748,0.6349802960570261,0.20088947819152805,0.10628366251622001,0.059596511248232176
T6_freshness,rank_delta,lgbm,conf_images_alt,89.0,120.0,0.16969303259912014,0.13006398715971088,0.19288643254452276,-0.17235900262691065,0.10206998201189274,0.09221158171519561
T6_freshness,rank_delta,lgbm,conf_bm25,112.0,120.0,0.29841115518898337,0.13150012626248245,0.023880779892128556,0.11022491755518032,0.10319701721654526,0.286236850766564
T6_freshness,rank_delta,lgbm,conf_domain_authority,44.0,68.0,0.37498152590598266,0.17671715753693876,0.034570620741685376,-0.20557395397770173,0.13868187101506546,0.1391810561976785
T6_freshness,rank_delta,lgbm,conf_backlinks,130.0,121.0,0.017418296195779347,0.14309871086606596,0.9031913297702645,0.044735324780951116,0.1122992087432241,0.690617586373719
T6_freshness,rank_delta,lgbm,conf_referring_domains,70.0,80.0,-0.22414789682910785,0.1417961579439987,0.11486466842814913,-0.030457798805431695,0.11127700762338846,0.7844735080224863
T6_freshness,rank_delta,lgbm,conf_serp_position,255.0,124.0,3.5232824306199926,0.12062751629255598,0.0,-0.008482662246975461,0.09466454694335588,0.9286521231548375
T7_source_earned,rank_delta,lgbm,conf_title_kw_sim,181.0,245.0,-0.0954130320438581,0.1472481433963731,0.5173907525549732,0.0026182128530928095,0.003459177463575676,0.4495830249440509
T7_source_earned,rank_delta,lgbm,conf_snippet_kw_sim,173.0,59.0,0.17561140317823026,0.12065788209812357,0.1463662655746314,0.001317350288844054,0.002834514696956652,0.6423728637114132
T7_source_earned,rank_delta,lgbm,conf_title_len,114.0,169.0,-0.12577157909786316,0.11247388827583389,0.26417186483447486,-0.0010646692335574783,0.002642254975787194,0.6872180516880677
T7_source_earned,rank_delta,lgbm,conf_snippet_len,153.0,69.0,0.128106731811006,0.11336936997705506,0.25918768449384455,-0.0009470213643209789,0.002663291778346872,0.7223491221817107
T7_source_earned,rank_delta,lgbm,conf_brand_recog,21.0,2.0,0.3273682507606531,0.1527437289694059,0.03272397945236882,-0.008189712237876784,0.003588280658528795,0.02301776438921177
T7_source_earned,rank_delta,lgbm,conf_title_has_kw,0.0,0.0,0.123796296182179,0.13739348712247432,0.36813759260015666,0.00019009279161200744,0.0032276702668961764,0.9530667464767417
T7_source_earned,rank_delta,lgbm,conf_word_count,188.0,20.0,-0.3331069745760915,0.1352181039008644,0.014199557531533236,0.0011733620779529176,0.0031765658085222783,0.7120486557813064
T7_source_earned,rank_delta,lgbm,conf_readability,116.0,10.0,0.0497935919393317,0.11140116414714323,0.6551460541923029,0.0009524891832676777,0.0026170543651376477,0.7160932085533493
T7_source_earned,rank_delta,lgbm,conf_internal_links,151.0,15.0,-0.2254047169198038,0.135454434406511,0.0969198717288029,-0.001519174164974539,0.003182117723407124,0.6333433735374023
T7_source_earned,rank_delta,lgbm,conf_outbound_links,88.0,5.0,-0.07607400527920838,0.12548367852298456,0.5447113478566146,-0.00031008567460672447,0.0029478830957129403,0.9162808341691875
T7_source_earned,rank_delta,lgbm,conf_images_alt,121.0,12.0,0.16082285598920437,0.12065420146169563,0.1833512391887957,0.00023023101141612,0.0028344282308438063,0.9353042732882892
T7_source_earned,rank_delta,lgbm,conf_bm25,139.0,199.0,0.15698012632665878,0.11939487565230683,0.18936662342851474,-0.004777571709516204,0.0028048439429970624,0.08931987774478523
T7_source_earned,rank_delta,lgbm,conf_domain_authority,81.0,156.0,0.40608740531194903,0.16200418331131056,0.012602818661594517,0.009735196139219072,0.00380582876625439,0.010913613221904983
T7_source_earned,rank_delta,lgbm,conf_backlinks,136.0,288.0,0.011655335367404413,0.13280252523094138,0.9301099134653359,0.0008185435786987598,0.0031198186393983957,0.7931784297237048
T7_source_earned,rank_delta,lgbm,conf_referring_domains,80.0,273.0,-0.17796240319281964,0.13018133149332756,0.1724183270780164,-0.0009719837966155299,0.003058241127480899,0.7507917681428402
T7_source_earned,rank_delta,lgbm,conf_serp_position,256.0,13.0,3.4857068899104666,0.1119460659930063,0.0,0.00109107018210054,0.0026298552884063122,0.678463815757194
T1a_stats_present,pre_rank,lgbm,conf_title_kw_sim,67.0,131.0,-8.049116928532385e-16,4.516601353252045e-16,0.0756275905192414,-0.011974300185515818,0.0284702147803594,0.674321452421097
T1a_stats_present,pre_rank,lgbm,conf_snippet_kw_sim,31.0,148.0,8.902331505503357e-16,3.647266667733542e-16,0.01516667162660057,-0.0293789216337611,0.02299039859182035,0.20216941621956241
T1a_stats_present,pre_rank,lgbm,conf_title_len,35.0,117.0,2.7989767535842335e-15,3.432095508335055e-16,6.8833827526759706e-15,0.049527925928069566,0.021634075851890453,0.022675218989144597
T1a_stats_present,pre_rank,lgbm,conf_snippet_len,24.0,123.0,-1.0545100140054527e-15,3.4225431018813943e-16,0.0022318873916331583,0.008844092407489746,0.021573862642414,0.6821061556722139
T1a_stats_present,pre_rank,lgbm,conf_brand_recog,0.0,14.0,3.5163556659549364e-15,4.620340956352614e-16,2.744471316873387e-13,-0.04170906601966511,0.029124133191683416,0.15303543165804645
T1a_stats_present,pre_rank,lgbm,conf_title_has_kw,0.0,0.0,-6.049441118685348e-16,4.145773307735982e-16,0.1454434969510916,-0.0017537250174775847,0.026132715125929743,0.9465350752781836
T1a_stats_present,pre_rank,lgbm,conf_word_count,17.0,184.0,-3.6007783083249337e-16,4.09044540945103e-16,0.3793276785395774,0.0548977374732573,0.02578395794673254,0.033964887045099035
T1a_stats_present,pre_rank,lgbm,conf_readability,77.0,110.0,-3.840674360398547e-16,3.3667691106728827e-16,0.25477758572841225,-0.00965406344383128,0.021222293534433972,0.6494717923894915
T1a_stats_present,pre_rank,lgbm,conf_internal_links,57.0,147.0,-1.7373611512657465e-15,4.110414947519024e-16,3.054692778703405e-05,0.03714433794664233,0.02590983512591971,0.15261085032345956
T1a_stats_present,pre_rank,lgbm,conf_outbound_links,39.0,78.0,1.373906384347168e-15,3.778574370256672e-16,0.00031997366905867075,0.0213664510113783,0.023818091407892625,0.3703210547299036
T1a_stats_present,pre_rank,lgbm,conf_images_alt,154.0,150.0,-3.275276236589103e-15,3.628770489009435e-16,0.0,0.009681155793012533,0.022873808673936166,0.6723879019231433
T1a_stats_present,pre_rank,lgbm,conf_bm25,86.0,175.0,1.940942288007937e-15,3.6688386070800474e-16,2.199016868598136e-07,0.0518464374878927,0.023126376442949865,0.0256177635974002
T1a_stats_present,pre_rank,lgbm,conf_domain_authority,62.0,40.0,-6.685696306755874e-16,4.930388650812603e-16,0.17599861551222307,-0.005154001334406551,0.031078506350402726,0.8683834895699074
T1a_stats_present,pre_rank,lgbm,conf_backlinks,54.0,111.0,3.6045015691783465e-16,3.992437801929278e-16,0.3672578851671118,-0.029003940083003898,0.02516617093875487,0.24993129038031925
T1a_stats_present,pre_rank,lgbm,conf_referring_domains,35.0,64.0,-1.1308579227766786e-16,3.956096723148057e-16,0.7751666307833904,-0.03155985591182136,0.024937096411841764,0.20653567828064268
T1a_stats_present,pre_rank,lgbm,conf_serp_position,1221.0,61.0,4.928316941453902,3.3654940221648435e-16,0.0,-0.03293934026792969,0.021214256065361856,0.12143102359016367
T1b_stats_density,pre_rank,lgbm,conf_title_kw_sim,38.0,120.0,3.552713678800501e-15,1.7033339410141052e-15,0.037765258413802405,-0.021798958338709228,0.10520554815326118,0.8359779591771879
T1b_stats_density,pre_rank,lgbm,conf_snippet_kw_sim,36.0,202.0,1.4903763330407085e-14,1.4208738888595034e-15,0.0,-0.1432631237477075,0.08775954775205297,0.10353265007568968
T1b_stats_density,pre_rank,lgbm,conf_title_len,40.0,107.0,-3.2612132451934462e-15,1.3347081041253727e-15,0.01507037183412785,0.08371019903183109,0.08243756220551177,0.31063671193410225
T1b_stats_density,pre_rank,lgbm,conf_snippet_len,33.0,94.0,-5.880657183330966e-16,1.3292534428782995e-15,0.6584856734020184,0.014682526577185658,0.08210065784831506,0.8581758147289738
T1b_stats_density,pre_rank,lgbm,conf_brand_recog,5.0,4.0,-1.7624347314081077e-15,1.8020333863896826e-15,0.32877378955471226,-0.014851270394335305,0.1113016688276243,0.893932111320733
T1b_stats_density,pre_rank,lgbm,conf_title_has_kw,0.0,0.0,-7.573077166672423e-15,1.561925560246516e-15,1.91400631255334e-06,0.011994043828976349,0.09647153196659253,0.9011313829259051
T1b_stats_density,pre_rank,lgbm,conf_word_count,31.0,135.0,8.302132743064279e-16,1.5912733306823892e-15,0.6022069829764298,0.014969739104272725,0.09828418197105605,0.8790343518644268
T1b_stats_density,pre_rank,lgbm,conf_readability,54.0,112.0,-1.3679670905458659e-15,1.3063950481723507e-15,0.29580077149194395,-0.04482659829071589,0.0806888208109393,0.5788933188144645
T1b_stats_density,pre_rank,lgbm,conf_internal_links,16.0,138.0,-4.526657549060739e-15,1.5930058577364567e-15,0.00476646395496183,-0.10710264969603843,0.0983911906168798,0.27714676600513677
T1b_stats_density,pre_rank,lgbm,conf_outbound_links,31.0,55.0,3.3874572998712478e-15,1.4679545129206458e-15,0.021635752686959275,0.02866770134214107,0.09066745837514616,0.752060691708349
T1b_stats_density,pre_rank,lgbm,conf_images_alt,128.0,79.0,-4.214206654456061e-15,1.404819633965918e-15,0.002905642205482506,0.06394301157913979,0.08676796492404554,0.4616776915899299
T1b_stats_density,pre_rank,lgbm,conf_bm25,33.0,140.0,1.4332966746256326e-16,1.4211033144999418e-15,0.9197240476432413,-0.021118938311706303,0.08777371810918703,0.8100085204644358
T1b_stats_density,pre_rank,lgbm,conf_domain_authority,76.0,82.0,1.897372399249837e-16,1.9362058761323735e-15,0.9219959131365911,0.12878124342079406,0.11958876391249273,0.28232136471524916
T1b_stats_density,pre_rank,lgbm,conf_backlinks,53.0,95.0,-1.0535516636140152e-15,1.5477900875644373e-15,0.49654764602436297,-0.10194950285650038,0.09559846173877909,0.28700213917263095
T1b_stats_density,pre_rank,lgbm,conf_referring_domains,61.0,66.0,6.772360450213455e-15,1.5455114226857307e-15,1.5797114233162546e-05,-0.04827163877570204,0.09545772117003354,0.6134126265254549
T1b_stats_density,pre_rank,lgbm,conf_serp_position,1194.0,91.0,4.938420145191259,1.3102492321256846e-15,0.0,0.019858798040463203,0.08092687250810245,0.8063046269534899
T2a_question_headings,pre_rank,lgbm,conf_title_kw_sim,67.0,151.0,-8.049116928532385e-16,4.516601353252045e-16,0.0756275905192414,0.02300640548218546,0.028829613946197683,0.4254232708747485
T2a_question_headings,pre_rank,lgbm,conf_snippet_kw_sim,31.0,143.0,8.902331505503357e-16,3.647266667733542e-16,0.01516667162660057,0.026485081175293333,0.023280622256795645,0.25607458633050584
T2a_question_headings,pre_rank,lgbm,conf_title_len,35.0,113.0,2.7989767535842335e-15,3.432095508335055e-16,6.8833827526759706e-15,0.04217994985626235,0.02190717771904656,0.05501883986548162
T2a_question_headings,pre_rank,lgbm,conf_snippet_len,24.0,128.0,-1.0545100140054527e-15,3.4225431018813943e-16,0.0022318873916331583,0.0019656304783406855,0.02184620439667931,0.9283597110343067
T2a_question_headings,pre_rank,lgbm,conf_brand_recog,0.0,7.0,3.5163556659549364e-15,4.620340956352614e-16,2.744471316873387e-13,0.06069507617964804,0.029491787220836542,0.040353318708258534
T2a_question_headings,pre_rank,lgbm,conf_title_has_kw,0.0,0.0,-6.049441118685348e-16,4.145773307735982e-16,0.1454434969510916,0.03657049087012174,0.02646260642073753,0.16789398222703733
T2a_question_headings,pre_rank,lgbm,conf_word_count,17.0,201.0,-3.6007783083249337e-16,4.09044540945103e-16,0.3793276785395774,0.08871117651176033,0.0261094466390222,0.0007607468953607643
T2a_question_headings,pre_rank,lgbm,conf_readability,77.0,142.0,-3.840674360398547e-16,3.3667691106728827e-16,0.25477758572841225,-0.00605269323530933,0.021490197189263878,0.7783849959267657
T2a_question_headings,pre_rank,lgbm,conf_internal_links,57.0,147.0,-1.7373611512657465e-15,4.110414947519024e-16,3.054692778703405e-05,0.07110372033839492,0.026236912852698472,0.007070109475228126
T2a_question_headings,pre_rank,lgbm,conf_outbound_links,39.0,89.0,1.373906384347168e-15,3.778574370256672e-16,0.00031997366905867075,0.007880674170904392,0.024118763610399573,0.744063354520947
T2a_question_headings,pre_rank,lgbm,conf_images_alt,154.0,116.0,-3.275276236589103e-15,3.628770489009435e-16,0.0,-0.05765163574520829,0.023162560543930073,0.013290877216366237
T2a_question_headings,pre_rank,lgbm,conf_bm25,86.0,118.0,1.940942288007937e-15,3.6688386070800474e-16,2.199016868598136e-07,0.08120904208927113,0.02341831665016573,0.0005926414949537495
T2a_question_headings,pre_rank,lgbm,conf_domain_authority,62.0,112.0,-6.685696306755874e-16,4.930388650812603e-16,0.17599861551222307,-0.05413799726656997,0.03147083178047078,0.08630055843944939
T2a_question_headings,pre_rank,lgbm,conf_backlinks,54.0,51.0,3.6045015691783465e-16,3.992437801929278e-16,0.3672578851671118,-0.00586544490167551,0.025483860879365074,0.8181042536777632
T2a_question_headings,pre_rank,lgbm,conf_referring_domains,35.0,98.0,-1.1308579227766786e-16,3.956096723148057e-16,0.7751666307833904,0.03983549892817274,0.025251894586635567,0.115610156579671
T2a_question_headings,pre_rank,lgbm,conf_serp_position,1221.0,67.0,4.928316941453902,3.3654940221648435e-16,0.0,-0.02838222587100981,0.02148205825767375,0.18732634956980965
T2b_structural_modularity,pre_rank,lgbm,conf_title_kw_sim,67.0,128.0,-8.049116928532385e-16,4.516601353252045e-16,0.0756275905192414,-3.9170879898682798,1.6932594629808202,0.02130353816380559
T2b_structural_modularity,pre_rank,lgbm,conf_snippet_kw_sim,31.0,122.0,8.902331505503357e-16,3.647266667733542e-16,0.01516667162660057,2.6475228153975716,1.3673486580142091,0.05367103614131574
T2b_structural_modularity,pre_rank,lgbm,conf_title_len,35.0,43.0,2.7989767535842335e-15,3.432095508335055e-16,6.8833827526759706e-15,1.5414090055989522,1.2866816756271737,0.23176716738626424
T2b_structural_modularity,pre_rank,lgbm,conf_snippet_len,24.0,125.0,-1.0545100140054527e-15,3.4225431018813943e-16,0.0022318873916331583,-0.6590969877554748,1.2831005088699494,0.6078146755819915
T2b_structural_modularity,pre_rank,lgbm,conf_brand_recog,0.0,20.0,3.5163556659549364e-15,4.620340956352614e-16,2.744471316873387e-13,11.091631511717587,1.7321511097960605,5.085809551275133e-10
T2b_structural_modularity,pre_rank,lgbm,conf_title_has_kw,0.0,0.0,-6.049441118685348e-16,4.145773307735982e-16,0.1454434969510916,3.8095148040936686,1.5542372097202688,0.014749918193323719
T2b_structural_modularity,pre_rank,lgbm,conf_word_count,17.0,144.0,-3.6007783083249337e-16,4.09044540945103e-16,0.3793276785395774,9.031288556175442,1.5334949568600778,9.361525554751893e-09
T2b_structural_modularity,pre_rank,lgbm,conf_readability,77.0,149.0,-3.840674360398547e-16,3.3667691106728827e-16,0.25477758572841225,0.016986168242233163,1.262191017193421,0.9892705854158241
T2b_structural_modularity,pre_rank,lgbm,conf_internal_links,57.0,191.0,-1.7373611512657465e-15,4.110414947519024e-16,3.054692778703405e-05,6.913691651452055,1.5409814730833082,9.935534753369168e-06
T2b_structural_modularity,pre_rank,lgbm,conf_outbound_links,39.0,138.0,1.373906384347168e-15,3.778574370256672e-16,0.00031997366905867075,0.7176120248408202,1.416575497504808,0.6127782426977717
T2b_structural_modularity,pre_rank,lgbm,conf_images_alt,154.0,144.0,-3.275276236589103e-15,3.628770489009435e-16,0.0,-3.3195890818411202,1.3604144995166854,0.015195245475367214
T2b_structural_modularity,pre_rank,lgbm,conf_bm25,86.0,112.0,1.940942288007937e-15,3.6688386070800474e-16,2.199016868598136e-07,2.441704178546202,1.375435909373468,0.07676105830840396
T2b_structural_modularity,pre_rank,lgbm,conf_domain_authority,62.0,130.0,-6.685696306755874e-16,4.930388650812603e-16,0.17599861551222307,-2.319896066433739,1.8483870030173555,0.2103123683242969
T2b_structural_modularity,pre_rank,lgbm,conf_backlinks,54.0,113.0,3.6045015691783465e-16,3.992437801929278e-16,0.3672578851671118,-3.186658313242104,1.4967522169322274,0.03397276267532501
T2b_structural_modularity,pre_rank,lgbm,conf_referring_domains,35.0,133.0,-1.1308579227766786e-16,3.956096723148057e-16,0.7751666307833904,-0.594217086297933,1.483128062235261,0.6889300495570094
T2b_structural_modularity,pre_rank,lgbm,conf_serp_position,1221.0,73.0,4.928316941453902,3.3654940221648435e-16,0.0,-0.37438553286801934,1.2617129905726254,0.7668564566037515
T3_structured_data_new,pre_rank,lgbm,conf_title_kw_sim,67.0,136.0,-8.049116928532385e-16,4.516601353252045e-16,0.0756275905192414,0.04228313813022766,0.03416343852486281,0.21669669566156613
T3_structured_data_new,pre_rank,lgbm,conf_snippet_kw_sim,31.0,161.0,8.902331505503357e-16,3.647266667733542e-16,0.01516667162660057,0.012603914356637923,0.027587816776696333,0.6480613839158023
T3_structured_data_new,pre_rank,lgbm,conf_title_len,35.0,176.0,2.7989767535842335e-15,3.432095508335055e-16,6.8833827526759706e-15,0.06315172037541428,0.02596026851606872,0.015507976232642662
T3_structured_data_new,pre_rank,lgbm,conf_snippet_len,24.0,144.0,-1.0545100140054527e-15,3.4225431018813943e-16,0.0022318873916331583,0.022601651733065404,0.025888014397292186,0.38325309563275645
T3_structured_data_new,pre_rank,lgbm,conf_brand_recog,0.0,2.0,3.5163556659549364e-15,4.620340956352614e-16,2.744471316873387e-13,-0.028332135969896817,0.03494812180238257,0.41811345152267454
T3_structured_data_new,pre_rank,lgbm,conf_title_has_kw,0.0,0.0,-6.049441118685348e-16,4.145773307735982e-16,0.1454434969510916,-0.02573039204866923,0.031358506199551155,0.41249601287038695
T3_structured_data_new,pre_rank,lgbm,conf_word_count,17.0,116.0,-3.6007783083249337e-16,4.09044540945103e-16,0.3793276785395774,0.07278656017037954,0.030940007619771285,0.019220273142520394
T3_structured_data_new,pre_rank,lgbm,conf_readability,77.0,99.0,-3.840674360398547e-16,3.3667691106728827e-16,0.25477758572841225,-0.018085047605168,0.025466141583884317,0.47809428694770695
T3_structured_data_new,pre_rank,lgbm,conf_internal_links,57.0,176.0,-1.7373611512657465e-15,4.110414947519024e-16,3.054692778703405e-05,0.08821556886450498,0.03109105661276346,0.004823843172673925
T3_structured_data_new,pre_rank,lgbm,conf_outbound_links,39.0,97.0,1.373906384347168e-15,3.778574370256672e-16,0.00031997366905867075,0.02327480993293557,0.02858102433967064,0.416020784348921
T3_structured_data_new,pre_rank,lgbm,conf_images_alt,154.0,133.0,-3.275276236589103e-15,3.628770489009435e-16,0.0,-0.021738945859904026,0.027447912230032956,0.42891192794343147
T3_structured_data_new,pre_rank,lgbm,conf_bm25,86.0,138.0,1.940942288007937e-15,3.6688386070800474e-16,2.199016868598136e-07,0.033034350685994175,0.027750986285379173,0.23473058519016843
T3_structured_data_new,pre_rank,lgbm,conf_domain_authority,62.0,68.0,-6.685696306755874e-16,4.930388650812603e-16,0.17599861551222307,-0.04144072942556519,0.037293313357052896,0.2672674739977192
T3_structured_data_new,pre_rank,lgbm,conf_backlinks,54.0,146.0,3.6045015691783465e-16,3.992437801929278e-16,0.3672578851671118,-0.02375478582918111,0.030198680986609952,0.4320574618773112
T3_structured_data_new,pre_rank,lgbm,conf_referring_domains,35.0,114.0,-1.1308579227766786e-16,3.956096723148057e-16,0.7751666307833904,-0.023739754893360013,0.029923798145781968,0.4281361408942972
T3_structured_data_new,pre_rank,lgbm,conf_serp_position,1221.0,69.0,4.928316941453902,3.3654940221648435e-16,0.0,-0.02010756742596603,0.025456496852270624,0.43015186988387
T4a_ext_citations,pre_rank,lgbm,conf_title_kw_sim,67.0,23.0,-8.049116928532385e-16,4.516601353252045e-16,0.0756275905192414,-0.028986750047097914,0.019048681322784755,0.1290143309947287
T4a_ext_citations,pre_rank,lgbm,conf_snippet_kw_sim,31.0,56.0,8.902331505503357e-16,3.647266667733542e-16,0.01516667162660057,0.010167397135283463,0.015382278624799921,0.5090746338217755
T4a_ext_citations,pre_rank,lgbm,conf_title_len,35.0,70.0,2.7989767535842335e-15,3.432095508335055e-16,6.8833827526759706e-15,-0.0126602541517561,0.014474798303942129,0.382390247361613
T4a_ext_citations,pre_rank,lgbm,conf_snippet_len,24.0,47.0,-1.0545100140054527e-15,3.4225431018813943e-16,0.0022318873916331583,-0.013458996181359466,0.014434511209250791,0.35178616666461826
T4a_ext_citations,pre_rank,lgbm,conf_brand_recog,0.0,0.0,3.5163556659549364e-15,4.620340956352614e-16,2.744471316873387e-13,-0.008230074174986814,0.01948620114918965,0.6730352164376574
T4a_ext_citations,pre_rank,lgbm,conf_title_has_kw,0.0,0.0,-6.049441118685348e-16,4.145773307735982e-16,0.1454434969510916,0.026399985045580714,0.017484721010126096,0.13200602876176326
T4a_ext_citations,pre_rank,lgbm,conf_word_count,17.0,195.0,-3.6007783083249337e-16,4.09044540945103e-16,0.3793276785395774,0.003729495741967581,0.01725137663893632,0.8289736445613776
T4a_ext_citations,pre_rank,lgbm,conf_readability,77.0,119.0,-3.840674360398547e-16,3.3667691106728827e-16,0.25477758572841225,-0.007255426722752268,0.014199285449539724,0.6097047716809287
T4a_ext_citations,pre_rank,lgbm,conf_internal_links,57.0,87.0,-1.7373611512657465e-15,4.110414947519024e-16,3.054692778703405e-05,0.03990545756987706,0.017335597790432575,0.021946193815080894
T4a_ext_citations,pre_rank,lgbm,conf_outbound_links,39.0,455.0,1.373906384347168e-15,3.778574370256672e-16,0.00031997366905867075,0.07185184161798322,0.015936066392407345,9.003581524336113e-06
T4a_ext_citations,pre_rank,lgbm,conf_images_alt,154.0,83.0,-3.275276236589103e-15,3.628770489009435e-16,0.0,-0.023305936669832338,0.015304271338646338,0.12873407639663847
T4a_ext_citations,pre_rank,lgbm,conf_bm25,86.0,63.0,1.940942288007937e-15,3.6688386070800474e-16,2.199016868598136e-07,0.01779438416948415,0.015473257873572928,0.25095322285817057
T4a_ext_citations,pre_rank,lgbm,conf_domain_authority,62.0,43.0,-6.685696306755874e-16,4.930388650812603e-16,0.17599861551222307,-0.019706793728391306,0.020793821473569174,0.343947295991035
T4a_ext_citations,pre_rank,lgbm,conf_backlinks,54.0,75.0,3.6045015691783465e-16,3.992437801929278e-16,0.3672578851671118,0.0018656825265377516,0.016838031396158536,0.9118393590142388
T4a_ext_citations,pre_rank,lgbm,conf_referring_domains,35.0,66.0,-1.1308579227766786e-16,3.956096723148057e-16,0.7751666307833904,0.025332216664267285,0.01668476357938935,0.12987748108827768
T4a_ext_citations,pre_rank,lgbm,conf_serp_position,1221.0,57.0,4.928316941453902,3.3654940221648435e-16,0.0,0.016784309549490676,0.014193907787720955,0.23783814724337526
T4b_auth_citations,pre_rank,lgbm,conf_title_kw_sim,67.0,67.0,-8.049116928532385e-16,4.516601353252045e-16,0.0756275905192414,0.013294769889271675,0.02020751397371744,0.5110423764961034
T4b_auth_citations,pre_rank,lgbm,conf_snippet_kw_sim,31.0,83.0,8.902331505503357e-16,3.647266667733542e-16,0.01516667162660057,0.0023991968011124335,0.016318064489139014,0.8831983313894427
T4b_auth_citations,pre_rank,lgbm,conf_title_len,35.0,142.0,2.7989767535842335e-15,3.432095508335055e-16,6.8833827526759706e-15,-0.004429747709250772,0.015355377311277897,0.7731547491848847
T4b_auth_citations,pre_rank,lgbm,conf_snippet_len,24.0,102.0,-1.0545100140054527e-15,3.4225431018813943e-16,0.0022318873916331583,0.028206211841684956,0.015312639338231862,0.06634785146319189
T4b_auth_citations,pre_rank,lgbm,conf_brand_recog,0.0,1.0,3.5163556659549364e-15,4.620340956352614e-16,2.744471316873387e-13,0.019429313229094462,0.020671650459390078,0.3479393401153015
T4b_auth_citations,pre_rank,lgbm,conf_title_has_kw,0.0,0.0,-6.049441118685348e-16,4.145773307735982e-16,0.1454434969510916,0.009404156079291431,0.018548409632747283,0.6124811734206377
T4b_auth_citations,pre_rank,lgbm,conf_word_count,17.0,86.0,-3.6007783083249337e-16,4.09044540945103e-16,0.3793276785395774,0.012229945585090166,0.018300869681734215,0.5044165324451535
T4b_auth_citations,pre_rank,lgbm,conf_readability,77.0,104.0,-3.840674360398547e-16,3.3667691106728827e-16,0.25477758572841225,0.00016114494165033974,0.015063103543822091,0.9914707126507114
T4b_auth_citations,pre_rank,lgbm,conf_internal_links,57.0,84.0,-1.7373611512657465e-15,4.110414947519024e-16,3.054692778703405e-05,-0.016391728814900617,0.018390214454052256,0.3733868248213046
T4b_auth_citations,pre_rank,lgbm,conf_outbound_links,39.0,110.0,1.373906384347168e-15,3.778574370256672e-16,0.00031997366905867075,0.005920694848672837,0.016905542113588287,0.7263901482600126
T4b_auth_citations,pre_rank,lgbm,conf_images_alt,154.0,149.0,-3.275276236589103e-15,3.628770489009435e-16,0.0,-0.023940013901067217,0.016235311604659037,0.14126046801029601
T4b_auth_citations,pre_rank,lgbm,conf_bm25,86.0,251.0,1.940942288007937e-15,3.6688386070800474e-16,2.199016868598136e-07,-0.0027771833935948623,0.01641457848975384,0.8657483621214288
T4b_auth_citations,pre_rank,lgbm,conf_domain_authority,62.0,68.0,-6.685696306755874e-16,4.930388650812603e-16,0.17599861551222307,-0.004019058336877035,0.022058820286500885,0.8555370850830197
T4b_auth_citations,pre_rank,lgbm,conf_backlinks,54.0,87.0,3.6045015691783465e-16,3.992437801929278e-16,0.3672578851671118,-0.002929648712324652,0.01786237844825388,0.869819538401452
T4b_auth_citations,pre_rank,lgbm,conf_referring_domains,35.0,60.0,-1.1308579227766786e-16,3.956096723148057e-16,0.7751666307833904,0.010958403370679458,0.017699786534587928,0.5362502232531958
T4b_auth_citations,pre_rank,lgbm,conf_serp_position,1221.0,143.0,4.928316941453902,3.3654940221648435e-16,0.0,-0.032024329042618406,0.01505739873021808,0.034159252865001655
T5_topical_comp,pre_rank,lgbm,conf_title_kw_sim,38.0,139.0,3.552713678800501e-15,1.7033339410141052e-15,0.037765258413802405,0.02944017986984816,0.009694102603637306,0.002579368396762316
T5_topical_comp,pre_rank,lgbm,conf_snippet_kw_sim,36.0,169.0,1.4903763330407085e-14,1.4208738888595034e-15,0.0,0.02536153717240944,0.00808655128261729,0.001864173958758375
T5_topical_comp,pre_rank,lgbm,conf_title_len,40.0,114.0,-3.2612132451934462e-15,1.3347081041253727e-15,0.01507037183412785,-0.0023869736406026917,0.007596160092714576,0.753540500512512
T5_topical_comp,pre_rank,lgbm,conf_snippet_len,33.0,119.0,-5.880657183330966e-16,1.3292534428782995e-15,0.6584856734020184,0.007998357431834236,0.007565116241286516,0.29115784681952683
T5_topical_comp,pre_rank,lgbm,conf_brand_recog,5.0,10.0,-1.7624347314081077e-15,1.8020333863896826e-15,0.32877378955471226,-0.003123397908267728,0.01025582601403521,0.7609007495276094
T5_topical_comp,pre_rank,lgbm,conf_title_has_kw,0.0,0.0,-7.573077166672423e-15,1.561925560246516e-15,1.91400631255334e-06,-0.0049868106131863675,0.008889311881649415,0.5751831155014118
T5_topical_comp,pre_rank,lgbm,conf_word_count,31.0,118.0,8.302132743064279e-16,1.5912733306823892e-15,0.6022069829764298,0.0331726131795935,0.009056337437204286,0.00029010634641335464
T5_topical_comp,pre_rank,lgbm,conf_readability,54.0,144.0,-1.3679670905458659e-15,1.3063950481723507e-15,0.29580077149194395,-0.006865586451043494,0.007435023357972057,0.3564633870067053
T5_topical_comp,pre_rank,lgbm,conf_internal_links,16.0,106.0,-4.526657549060739e-15,1.5930058577364567e-15,0.00476646395496183,-0.0074007830061590995,0.00906619768516935,0.414910991857506
T5_topical_comp,pre_rank,lgbm,conf_outbound_links,31.0,102.0,3.3874572998712478e-15,1.4679545129206458e-15,0.021635752686959275,-0.011199635573393346,0.008354498975845469,0.1809827020301371
T5_topical_comp,pre_rank,lgbm,conf_images_alt,128.0,126.0,-4.214206654456061e-15,1.404819633965918e-15,0.002905642205482506,-0.01681967252509709,0.007995182473239429,0.036154221009345955
T5_topical_comp,pre_rank,lgbm,conf_bm25,33.0,157.0,1.4332966746256326e-16,1.4211033144999418e-15,0.9197240476432413,0.05314500880425473,0.008087857001739515,1.934890025978575e-10
T5_topical_comp,pre_rank,lgbm,conf_domain_authority,76.0,93.0,1.897372399249837e-16,1.9362058761323735e-15,0.9219959131365911,0.008415255127225406,0.011019435457158699,0.4456039550009463
T5_topical_comp,pre_rank,lgbm,conf_backlinks,53.0,86.0,-1.0535516636140152e-15,1.5477900875644373e-15,0.49654764602436297,0.008581445980694907,0.008808863345263531,0.3306748759057092
T5_topical_comp,pre_rank,lgbm,conf_referring_domains,61.0,90.0,6.772360450213455e-15,1.5455114226857307e-15,1.5797114233162546e-05,-0.01958029580084599,0.00879589488934212,0.026680227555037073
T5_topical_comp,pre_rank,lgbm,conf_serp_position,1194.0,87.0,4.938420145191259,1.3102492321256846e-15,0.0,-0.0017835808166995993,0.007456958489890268,0.8111109445688107
T6_freshness,pre_rank,lgbm,conf_title_kw_sim,67.0,120.0,-8.049116928532385e-16,4.516601353252045e-16,0.0756275905192414,0.08082681706640836,0.12704287038202045,0.5250656578236916
T6_freshness,pre_rank,lgbm,conf_snippet_kw_sim,31.0,155.0,8.902331505503357e-16,3.647266667733542e-16,0.01516667162660057,0.07632480011620058,0.10259024214831534,0.4574071523153038
T6_freshness,pre_rank,lgbm,conf_title_len,35.0,118.0,2.7989767535842335e-15,3.432095508335055e-16,6.8833827526759706e-15,0.32435387230694274,0.09653791218261479,0.0008689407123656512
T6_freshness,pre_rank,lgbm,conf_snippet_len,24.0,166.0,-1.0545100140054527e-15,3.4225431018813943e-16,0.0022318873916331583,-0.2114594078598789,0.09626922228948198,0.028731782699000563
T6_freshness,pre_rank,lgbm,conf_brand_recog,0.0,4.0,3.5163556659549364e-15,4.620340956352614e-16,2.744471316873387e-13,0.011745284529365874,0.12996085581385372,0.9280423128698092
T6_freshness,pre_rank,lgbm,conf_title_has_kw,0.0,0.0,-6.049441118685348e-16,4.145773307735982e-16,0.1454434969510916,0.04512578336631379,0.11661222671084628,0.6990197227749166
T6_freshness,pre_rank,lgbm,conf_word_count,17.0,174.0,-3.6007783083249337e-16,4.09044540945103e-16,0.3793276785395774,0.5015237193589517,0.11505596472078516,1.7365009625569527e-05
T6_freshness,pre_rank,lgbm,conf_readability,77.0,110.0,-3.840674360398547e-16,3.3667691106728827e-16,0.25477758572841225,0.07205872896356505,0.0947004126068012,0.4472398310359911
T6_freshness,pre_rank,lgbm,conf_internal_links,57.0,164.0,-1.7373611512657465e-15,4.110414947519024e-16,3.054692778703405e-05,0.18655706960646098,0.11561766747866399,0.10755415132277935
T6_freshness,pre_rank,lgbm,conf_outbound_links,39.0,90.0,1.373906384347168e-15,3.778574370256672e-16,0.00031997366905867075,0.20088947819152805,0.10628366251622001,0.059596511248232176
T6_freshness,pre_rank,lgbm,conf_images_alt,154.0,120.0,-3.275276236589103e-15,3.628770489009435e-16,0.0,-0.17235900262691065,0.10206998201189274,0.09221158171519561
T6_freshness,pre_rank,lgbm,conf_bm25,86.0,120.0,1.940942288007937e-15,3.6688386070800474e-16,2.199016868598136e-07,0.11022491755518032,0.10319701721654526,0.286236850766564
T6_freshness,pre_rank,lgbm,conf_domain_authority,62.0,68.0,-6.685696306755874e-16,4.930388650812603e-16,0.17599861551222307,-0.20557395397770173,0.13868187101506546,0.1391810561976785
T6_freshness,pre_rank,lgbm,conf_backlinks,54.0,121.0,3.6045015691783465e-16,3.992437801929278e-16,0.3672578851671118,0.044735324780951116,0.1122992087432241,0.690617586373719
T6_freshness,pre_rank,lgbm,conf_referring_domains,35.0,80.0,-1.1308579227766786e-16,3.956096723148057e-16,0.7751666307833904,-0.030457798805431695,0.11127700762338846,0.7844735080224863
T6_freshness,pre_rank,lgbm,conf_serp_position,1221.0,124.0,4.928316941453902,3.3654940221648435e-16,0.0,-0.008482662246975461,0.09466454694335588,0.9286521231548375
T7_source_earned,pre_rank,lgbm,conf_title_kw_sim,88.0,245.0,-1.6653345369377348e-16,4.257486333692399e-16,0.6959011845609964,0.0026182128530928095,0.003459177463575676,0.4495830249440509
T7_source_earned,pre_rank,lgbm,conf_snippet_kw_sim,29.0,59.0,4.890760749390119e-16,3.4886639127409393e-16,0.16175689220007916,0.001317350288844054,0.002834514696956652,0.6423728637114132
T7_source_earned,pre_rank,lgbm,conf_title_len,72.0,169.0,6.737257806756059e-17,3.2520344989518105e-16,0.835987054600495,-0.0010646692335574783,0.002642254975787194,0.6872180516880677
T7_source_earned,pre_rank,lgbm,conf_snippet_len,29.0,69.0,-1.0737978301697871e-15,3.2779261741681015e-16,0.001149760196035965,-0.0009470213643209789,0.002663291778346872,0.7223491221817107
T7_source_earned,pre_rank,lgbm,conf_brand_recog,0.0,2.0,-1.7305503602258805e-15,4.41638396006071e-16,0.0001055756525021323,-0.008189712237876784,0.003588280658528795,0.02301776438921177
T7_source_earned,pre_rank,lgbm,conf_title_has_kw,0.0,0.0,6.963211312752958e-16,3.972551913185515e-16,0.08043323285071802,0.00019009279161200744,0.0032276702668961764,0.9530667464767417
T7_source_earned,pre_rank,lgbm,conf_word_count,24.0,20.0,1.180411261194703e-15,3.9096535694582405e-16,0.0027044131891702516,0.0011733620779529176,0.0031765658085222783,0.7120486557813064
T7_source_earned,pre_rank,lgbm,conf_readability,62.0,10.0,-7.455450828506513e-17,3.2210180921409724e-16,0.8170794023466024,0.0009524891832676777,0.0026170543651376477,0.7160932085533493
T7_source_earned,pre_rank,lgbm,conf_internal_links,65.0,15.0,-3.449013471723096e-16,3.916486755091805e-16,0.3790666050490956,-0.001519174164974539,0.003182117723407124,0.6333433735374023
T7_source_earned,pre_rank,lgbm,conf_outbound_links,40.0,5.0,-1.3991063438881548e-15,3.6281954671233987e-16,0.0001351079165223812,-0.00031008567460672447,0.0029478830957129403,0.9162808341691875
T7_source_earned,pre_rank,lgbm,conf_images_alt,126.0,12.0,-1.8513691365754413e-15,3.4885574919811943e-16,1.8935964485322643e-07,0.00023023101141612,0.0028344282308438063,0.9353042732882892
T7_source_earned,pre_rank,lgbm,conf_bm25,66.0,199.0,1.1632271610077206e-15,3.452145743082559e-16,0.0008295223437349009,-0.004777571709516204,0.0028048439429970624,0.08931987774478523
T7_source_earned,pre_rank,lgbm,conf_domain_authority,97.0,156.0,-3.5329586558674335e-16,4.684137813488329e-16,0.4511705033095117,0.009735196139219072,0.00380582876625439,0.010913613221904983
T7_source_earned,pre_rank,lgbm,conf_backlinks,27.0,288.0,1.5788706199689515e-15,3.839810290365261e-16,4.808277598278288e-05,0.0008185435786987598,0.0031198186393983957,0.7931784297237048
T7_source_earned,pre_rank,lgbm,conf_referring_domains,28.0,273.0,-7.755575221766613e-16,3.764021922115276e-16,0.04003231377942695,-0.0009719837966155299,0.003058241127480899,0.7507917681428402
T7_source_earned,pre_rank,lgbm,conf_serp_position,1480.0,13.0,4.87940896577931,3.236773212093289e-16,0.0,0.00109107018210054,0.0026298552884063122,0.678463815757194
T1a_stats_present,post_rank,lgbm,conf_title_kw_sim,176.0,135.0,0.03420019827887259,0.29555651769777075,0.9079365303748121,-0.04169489171985307,0.05337795803370322,0.4351883565954129
T1a_stats_present,post_rank,lgbm,conf_snippet_kw_sim,169.0,131.0,-0.6731167958305757,0.2025516619276613,0.0009715146016502363,-0.06463260589586084,0.03658113918193961,0.07801568424415484
T1a_stats_present,post_rank,lgbm,conf_title_len,95.0,75.0,-0.05187048722843957,0.18183376665501502,0.7755893962413423,0.06896697229743347,0.03283945568592272,0.036340403225599616
T1a_stats_present,post_rank,lgbm,conf_snippet_len,182.0,114.0,-0.23818699936533339,0.13935511158938949,0.08818402451725738,0.00665206362472407,0.025167745770394042,0.7916772177899967
T1a_stats_present,post_rank,lgbm,conf_brand_recog,18.0,15.0,-0.28748303652116614,0.13917094087188978,0.03949874695872202,-0.04486117299659435,0.025134484257820028,0.07504030241171611
T1a_stats_present,post_rank,lgbm,conf_title_has_kw,1.0,1.0,-0.4946334558402475,0.25892434549489185,0.05680071057742464,0.0009659408847790453,0.046762131843302114,0.9835299368682575
T1a_stats_present,post_rank,lgbm,conf_word_count,173.0,218.0,0.3663188577113509,0.12509617428951356,0.0036021365131044814,0.06054511357597031,0.0225925599388426,0.007667780032010851
T1a_stats_present,post_rank,lgbm,conf_readability,159.0,161.0,0.011185384577682114,0.1073938788531141,0.9170999481950606,-0.007395431554108111,0.019395498374223028,0.7031848471554438
T1a_stats_present,post_rank,lgbm,conf_internal_links,170.0,127.0,0.23423111130242377,0.1277814101141805,0.06753284493835121,0.03643673684767039,0.023077517625704497,0.1151490429562505
T1a_stats_present,post_rank,lgbm,conf_outbound_links,89.0,115.0,0.07356968078688372,0.1081523045964639,0.4967431503907027,0.015158689762563541,0.019532471220619883,0.43816022663768583
T1a_stats_present,post_rank,lgbm,conf_images_alt,129.0,171.0,-0.07358453910017748,0.11480265770276343,0.5219103447913247,0.013857624013600927,0.020733535138216724,0.5042825203075951
T1a_stats_present,post_rank,lgbm,conf_bm25,128.0,179.0,-0.18284936385248807,0.12298351444434187,0.1378569391872746,0.07534167492911659,0.022211010347470094,0.0007624060159441282
T1a_stats_present,post_rank,lgbm,conf_domain_authority,94.0,56.0,-0.3386319378887576,0.14724730470405192,0.021974087411952503,0.003173510011911397,0.026593087888205545,0.9050688570237733
T1a_stats_present,post_rank,lgbm,conf_backlinks,109.0,131.0,-0.06663835141778482,0.1246656078397073,0.5932657200203206,-0.031212403694718067,0.022514798981082294,0.16642183875871552
T1a_stats_present,post_rank,lgbm,conf_referring_domains,82.0,99.0,0.14544908329045592,0.11977738720520856,0.22533519578586336,-0.010216993446659498,0.021631978876419367,0.6369620373253659
T1a_stats_present,post_rank,lgbm,conf_serp_position,153.0,56.0,1.3121855613693292,0.10735964554581783,0.0,-0.03361126265044341,0.019389315786694766,0.0837746483386379
T1b_stats_density,post_rank,lgbm,conf_title_kw_sim,159.0,57.0,0.020139712523689013,0.2925616760256188,0.9451525353159456,-0.31165188772357055,0.3513400579686453,0.3755997138860385
T1b_stats_density,post_rank,lgbm,conf_snippet_kw_sim,187.0,101.0,-0.6445494081788895,0.20668558902412115,0.0019512777766226286,-0.31822655237970876,0.24821066045116402,0.2005675594210543
T1b_stats_density,post_rank,lgbm,conf_title_len,96.0,64.0,-0.0548295023014143,0.18428908074332281,0.7662271141604919,-0.11887299498398218,0.2213144838070916,0.5914861726751277
T1b_stats_density,post_rank,lgbm,conf_snippet_len,167.0,72.0,-0.2721732290317148,0.13944380398578798,0.051664227363757975,-0.028476670240575493,0.16745937075997971,0.8650571375426923
T1b_stats_density,post_rank,lgbm,conf_brand_recog,25.0,6.0,-0.26012263267442615,0.1405252934194807,0.06490717046511163,-0.04616705692063123,0.16875814155418584,0.7845589325033568
T1b_stats_density,post_rank,lgbm,conf_title_has_kw,0.0,1.0,-0.5036086865239762,0.2583174895482814,0.05193616447073457,-0.21343708348094714,0.3102158935685778,0.4918402878444197
T1b_stats_density,post_rank,lgbm,conf_word_count,201.0,146.0,0.37585713684635524,0.12542649928928962,0.0029025026490441252,0.03238983190069894,0.15062585821132773,0.8298512886286589
T1b_stats_density,post_rank,lgbm,conf_readability,158.0,184.0,0.008454535256084788,0.10767968516512434,0.9374577797480388,-0.18764295052188204,0.12931354284642327,0.14755617680553712
T1b_stats_density,post_rank,lgbm,conf_internal_links,183.0,198.0,0.24868028500750258,0.1280978484142816,0.052930846282609245,0.47584173137563535,0.1538339064054015,0.002121067375496999
T1b_stats_density,post_rank,lgbm,conf_outbound_links,102.0,71.0,0.07802154529534298,0.1084412689628546,0.4722705011347399,-0.12863576529770568,0.13022813596496657,0.3238703040269537
T1b_stats_density,post_rank,lgbm,conf_images_alt,149.0,69.0,-0.07801284884285746,0.11497685113576037,0.4978472243416805,-0.08559070034454813,0.13807677783317385,0.5356967021394698
T1b_stats_density,post_rank,lgbm,conf_bm25,115.0,225.0,-0.15792095611357637,0.12380006687020653,0.2028439658063228,-0.11854834621135503,0.1486726602799873,0.42571165483176054
T1b_stats_density,post_rank,lgbm,conf_domain_authority,96.0,77.0,-0.37989830549980974,0.14975359131109295,0.011571345220551699,-0.024576853716889887,0.1798404909590582,0.8913699989800556
T1b_stats_density,post_rank,lgbm,conf_backlinks,101.0,140.0,-0.0680204999844275,0.1248427460012503,0.5861653306602479,-0.347657209633488,0.1499248234180995,0.020912594677934937
T1b_stats_density,post_rank,lgbm,conf_referring_domains,72.0,59.0,0.1529146976306316,0.12038444652685014,0.20475597124836842,-0.036478823150142975,0.1445708098061452,0.8009214773224345
T1b_stats_density,post_rank,lgbm,conf_serp_position,151.0,24.0,1.3113325952641233,0.10786686318848644,0.0,0.006287050471346343,0.1295383266884899,0.9613150312491299
T2a_question_headings,post_rank,lgbm,conf_title_kw_sim,176.0,127.0,0.03420019827887259,0.29555651769777075,0.9079365303748121,0.011917219712112386,0.056635372409229515,0.8334464313313126
T2a_question_headings,post_rank,lgbm,conf_snippet_kw_sim,169.0,116.0,-0.6731167958305757,0.2025516619276613,0.0009715146016502363,0.017011703418270338,0.038813519981691066,0.6614091541966161
T2a_question_headings,post_rank,lgbm,conf_title_len,95.0,114.0,-0.05187048722843957,0.18183376665501502,0.7755893962413423,0.04236986472158525,0.03484349853387581,0.2246966143091289
T2a_question_headings,post_rank,lgbm,conf_snippet_len,182.0,127.0,-0.23818699936533339,0.13935511158938949,0.08818402451725738,-0.004893488764313751,0.026703619001443996,0.8546927661615573
T2a_question_headings,post_rank,lgbm,conf_brand_recog,18.0,4.0,-0.28748303652116614,0.13917094087188978,0.03949874695872202,0.05507555457125989,0.026668327689806818,0.03954420053562324
T2a_question_headings,post_rank,lgbm,conf_title_has_kw,1.0,6.0,-0.4946334558402475,0.25892434549489185,0.05680071057742464,0.03051398152802935,0.0496158123906256,0.5388992658713818
T2a_question_headings,post_rank,lgbm,conf_word_count,173.0,207.0,0.3663188577113509,0.12509617428951356,0.0036021365131044814,0.07297581789897974,0.023971281273185475,0.002485563094288157
T2a_question_headings,post_rank,lgbm,conf_readability,159.0,151.0,0.011185384577682114,0.1073938788531141,0.9170999481950606,0.022090727435476614,0.020579117559970057,0.28371158635200766
T2a_question_headings,post_rank,lgbm,conf_internal_links,170.0,208.0,0.23423111130242377,0.1277814101141805,0.06753284493835121,0.06097304628093553,0.02448583372535684,0.013172459556525906
T2a_question_headings,post_rank,lgbm,conf_outbound_links,89.0,146.0,0.07356968078688372,0.1081523045964639,0.4967431503907027,0.03481200326819362,0.020724449237152987,0.09378186272269406
T2a_question_headings,post_rank,lgbm,conf_images_alt,129.0,186.0,-0.07358453910017748,0.11480265770276343,0.5219103447913247,-0.014846332555121614,0.021998808631295327,0.5001464075280173
T2a_question_headings,post_rank,lgbm,conf_bm25,128.0,151.0,-0.18284936385248807,0.12298351444434187,0.1378569391872746,0.08551887730081657,0.023566447442968014,0.00032140578347616966
T2a_question_headings,post_rank,lgbm,conf_domain_authority,94.0,115.0,-0.3386319378887576,0.14724730470405192,0.021974087411952503,-0.03810049941681829,0.02821594327585412,0.1776736670054302
T2a_question_headings,post_rank,lgbm,conf_backlinks,109.0,91.0,-0.06663835141778482,0.1246656078397073,0.5932657200203206,0.0009599522322072915,0.02388877491730591,0.967966192361696
T2a_question_headings,post_rank,lgbm,conf_referring_domains,82.0,146.0,0.14544908329045592,0.11977738720520856,0.22533519578586336,0.006023142863302931,0.02295208031077244,0.7931301342709216
T2a_question_headings,post_rank,lgbm,conf_serp_position,153.0,53.0,1.3121855613693292,0.10735964554581783,0.0,-0.01772922527433512,0.020572557677201692,0.389316827972771
T2b_structural_modularity,post_rank,lgbm,conf_title_kw_sim,176.0,106.0,0.03420019827887259,0.29555651769777075,0.9079365303748121,-8.971146534919457,3.1030475530419594,0.004047571960225982
T2b_structural_modularity,post_rank,lgbm,conf_snippet_kw_sim,169.0,79.0,-0.6731167958305757,0.2025516619276613,0.0009715146016502363,3.2893281194846984,2.1265896749803006,0.12270748932621789
T2b_structural_modularity,post_rank,lgbm,conf_title_len,95.0,45.0,-0.05187048722843957,0.18183376665501502,0.7755893962413423,1.0533355486340543,1.9090725153834185,0.5814245048192959
T2b_structural_modularity,post_rank,lgbm,conf_snippet_len,182.0,110.0,-0.23818699936533339,0.13935511158938949,0.08818402451725738,-1.2484473897851591,1.4630891627419045,0.3940035921812821
T2b_structural_modularity,post_rank,lgbm,conf_brand_recog,18.0,17.0,-0.28748303652116614,0.13917094087188978,0.03949874695872202,8.518389453507742,1.4611555545821824,1.139838379238256e-08
T2b_structural_modularity,post_rank,lgbm,conf_title_has_kw,1.0,1.0,-0.4946334558402475,0.25892434549489185,0.05680071057742464,6.6747324068481815,2.7184464175224483,0.014497361909113327
T2b_structural_modularity,post_rank,lgbm,conf_word_count,173.0,198.0,0.3663188577113509,0.12509617428951356,0.0036021365131044814,8.670831401872467,1.313384595771049,1.2862599874097214e-10
T2b_structural_modularity,post_rank,lgbm,conf_readability,159.0,107.0,0.011185384577682114,0.1073938788531141,0.9170999481950606,-0.202877519165937,1.1275282155259807,0.8572972337349649
T2b_structural_modularity,post_rank,lgbm,conf_internal_links,170.0,249.0,0.23423111130242377,0.1277814101141805,0.06753284493835121,8.905578168158032,1.3415768837299766,1.0311507203653036e-10
T2b_structural_modularity,post_rank,lgbm,conf_outbound_links,89.0,110.0,0.07356968078688372,0.1081523045964639,0.4967431503907027,1.1130827063298854,1.1354909265681787,0.3275445879146526
T2b_structural_modularity,post_rank,lgbm,conf_images_alt,129.0,201.0,-0.07358453910017748,0.11480265770276343,0.5219103447913247,-2.369193080105335,1.2053129764898456,0.050029914828122246
T2b_structural_modularity,post_rank,lgbm,conf_bm25,128.0,135.0,-0.18284936385248807,0.12298351444434187,0.1378569391872746,2.2487585599259012,1.2912037823887719,0.0823436448944761
T2b_structural_modularity,post_rank,lgbm,conf_domain_authority,94.0,123.0,-0.3386319378887576,0.14724730470405192,0.021974087411952503,-1.0488125763519098,1.5459492895404976,0.49789181062847865
T2b_structural_modularity,post_rank,lgbm,conf_backlinks,109.0,158.0,-0.06663835141778482,0.1246656078397073,0.5932657200203206,-3.5916048739423796,1.3088640790898385,0.006340235676547179
T2b_structural_modularity,post_rank,lgbm,conf_referring_domains,82.0,115.0,0.14544908329045592,0.11977738720520856,0.22533519578586336,-0.12664658923208663,1.2575426560443776,0.9198312160040776
T2b_structural_modularity,post_rank,lgbm,conf_serp_position,153.0,63.0,1.3121855613693292,0.10735964554581783,0.0,-0.15737522613669083,1.1271688000704674,0.8890302172751607
T3_structured_data_new,post_rank,lgbm,conf_title_kw_sim,176.0,141.0,0.03420019827887259,0.29555651769777075,0.9079365303748121,0.0560310151375788,0.06392622648181814,0.3812844707887324
T3_structured_data_new,post_rank,lgbm,conf_snippet_kw_sim,169.0,127.0,-0.6731167958305757,0.2025516619276613,0.0009715146016502363,-0.004910380549064118,0.04381010953680621,0.9108133224051134
T3_structured_data_new,post_rank,lgbm,conf_title_len,95.0,134.0,-0.05187048722843957,0.18183376665501502,0.7755893962413423,0.08149108373430286,0.03932901442937199,0.0388992956282157
T3_structured_data_new,post_rank,lgbm,conf_snippet_len,182.0,145.0,-0.23818699936533339,0.13935511158938949,0.08818402451725738,0.02144325244198111,0.0301412619632091,0.47723340938229897
T3_structured_data_new,post_rank,lgbm,conf_brand_recog,18.0,5.0,-0.28748303652116614,0.13917094087188978,0.03949874695872202,-0.040110008254925215,0.030101427487251968,0.18345231625862368
T3_structured_data_new,post_rank,lgbm,conf_title_has_kw,1.0,0.0,-0.4946334558402475,0.25892434549489185,0.05680071057742464,-0.05020764291570143,0.0560030158722087,0.3705133738309636
T3_structured_data_new,post_rank,lgbm,conf_word_count,173.0,184.0,0.3663188577113509,0.12509617428951356,0.0036021365131044814,0.0884582083412518,0.02705718159062191,0.0011709322977597747
T3_structured_data_new,post_rank,lgbm,conf_readability,159.0,166.0,0.011185384577682114,0.1073938788531141,0.9170999481950606,-0.009754274617593981,0.023228333706872925,0.674760921853722
T3_structured_data_new,post_rank,lgbm,conf_internal_links,170.0,200.0,0.23423111130242377,0.1277814101141805,0.06753284493835121,0.07037262171641559,0.02763797403878671,0.011261518048187202
T3_structured_data_new,post_rank,lgbm,conf_outbound_links,89.0,105.0,0.07356968078688372,0.1081523045964639,0.4967431503907027,-0.004769927319375636,0.02339237439938304,0.8385274074483822
T3_structured_data_new,post_rank,lgbm,conf_images_alt,129.0,114.0,-0.07358453910017748,0.11480265770276343,0.5219103447913247,-0.02060994132409278,0.02483078618664093,0.40702255799850073
T3_structured_data_new,post_rank,lgbm,conf_bm25,128.0,140.0,-0.18284936385248807,0.12298351444434187,0.1378569391872746,0.05886421834846331,0.026600232196328424,0.02746421092886764
T3_structured_data_new,post_rank,lgbm,conf_domain_authority,94.0,128.0,-0.3386319378887576,0.14724730470405192,0.021974087411952503,-0.02122174007365753,0.03184827261692801,0.5055767775518556
T3_structured_data_new,post_rank,lgbm,conf_backlinks,109.0,164.0,-0.06663835141778482,0.1246656078397073,0.5932657200203206,-0.02654631530443806,0.026964053925564176,0.32545816606102296
T3_structured_data_new,post_rank,lgbm,conf_referring_domains,82.0,112.0,0.14544908329045592,0.11977738720520856,0.22533519578586336,0.004624569383025755,0.025906775602595154,0.858413881926007
T3_structured_data_new,post_rank,lgbm,conf_serp_position,153.0,75.0,1.3121855613693292,0.10735964554581783,0.0,-0.022740638664003762,0.023220929349247896,0.3280126136341508
T4a_ext_citations,post_rank,lgbm,conf_title_kw_sim,176.0,58.0,0.03420019827887259,0.29555651769777075,0.9079365303748121,-0.060420691174791555,0.03856383228740025,0.11795503949129582
T4a_ext_citations,post_rank,lgbm,conf_snippet_kw_sim,169.0,50.0,-0.6731167958305757,0.2025516619276613,0.0009715146016502363,0.02585939746562462,0.026428678957775672,0.32843546562944614
T4a_ext_citations,post_rank,lgbm,conf_title_len,95.0,60.0,-0.05187048722843957,0.18183376665501502,0.7755893962413423,-0.007454462144279613,0.023725434769944043,0.7535343558261594
T4a_ext_citations,post_rank,lgbm,conf_snippet_len,182.0,65.0,-0.23818699936533339,0.13935511158938949,0.08818402451725738,-0.0087875727134876,0.0181828747800465,0.6291540769146207
T4a_ext_citations,post_rank,lgbm,conf_brand_recog,18.0,0.0,-0.28748303652116614,0.13917094087188978,0.03949874695872202,-0.012137002888863418,0.01815884442295192,0.5042748375502155
T4a_ext_citations,post_rank,lgbm,conf_title_has_kw,1.0,5.0,-0.4946334558402475,0.25892434549489185,0.05680071057742464,0.06242558721650373,0.03378411382218421,0.06536868392956618
T4a_ext_citations,post_rank,lgbm,conf_word_count,173.0,187.0,0.3663188577113509,0.12509617428951356,0.0036021365131044814,0.027499583252048817,0.01632238707734842,0.09280771249105135
T4a_ext_citations,post_rank,lgbm,conf_readability,159.0,149.0,0.011185384577682114,0.1073938788531141,0.9170999481950606,-0.015034778101136655,0.014012614457110011,0.28393901381336106
T4a_ext_citations,post_rank,lgbm,conf_internal_links,170.0,136.0,0.23423111130242377,0.1277814101141805,0.06753284493835121,0.04452552532885304,0.016672753175857084,0.007879885050779523
T4a_ext_citations,post_rank,lgbm,conf_outbound_links,89.0,390.0,0.07356968078688372,0.1081523045964639,0.4967431503907027,0.03465201161583686,0.01411157286749058,0.014488392940110062
T4a_ext_citations,post_rank,lgbm,conf_images_alt,129.0,93.0,-0.07358453910017748,0.11480265770276343,0.5219103447913247,-0.0346597772325098,0.014979302342181373,0.02117982418468678
T4a_ext_citations,post_rank,lgbm,conf_bm25,128.0,129.0,-0.18284936385248807,0.12298351444434187,0.1378569391872746,0.017821327165945706,0.0160467299523283,0.2674089871653209
T4a_ext_citations,post_rank,lgbm,conf_domain_authority,94.0,60.0,-0.3386319378887576,0.14724730470405192,0.021974087411952503,-0.020646416610031137,0.01921263793338302,0.2831864020147692
T4a_ext_citations,post_rank,lgbm,conf_backlinks,109.0,97.0,-0.06663835141778482,0.1246656078397073,0.5932657200203206,-0.0025077306086230557,0.01626620732368151,0.8775545440914958
T4a_ext_citations,post_rank,lgbm,conf_referring_domains,82.0,75.0,0.14544908329045592,0.11977738720520856,0.22533519578586336,0.02615796293591518,0.01562839861555015,0.09495846425238108
T4a_ext_citations,post_rank,lgbm,conf_serp_position,153.0,18.0,1.3121855613693292,0.10735964554581783,0.0,0.013071318747777887,0.014008147739436178,0.35131679519515124
T4b_auth_citations,post_rank,lgbm,conf_title_kw_sim,176.0,88.0,0.03420019827887259,0.29555651769777075,0.9079365303748121,0.013982771937867747,0.03471744585624263,0.6873394478025783
T4b_auth_citations,post_rank,lgbm,conf_snippet_kw_sim,169.0,57.0,-0.6731167958305757,0.2025516619276613,0.0009715146016502363,-0.0045973426042369295,0.023792662096717432,0.8468801671576651
T4b_auth_citations,post_rank,lgbm,conf_title_len,95.0,119.0,-0.05187048722843957,0.18183376665501502,0.7755893962413423,-0.017923840248769043,0.021359041573014704,0.40187335797149504
T4b_auth_citations,post_rank,lgbm,conf_snippet_len,182.0,160.0,-0.23818699936533339,0.13935511158938949,0.08818402451725738,0.03111385212708409,0.016369300799323132,0.05805054277367505
T4b_auth_citations,post_rank,lgbm,conf_brand_recog,18.0,0.0,-0.28748303652116614,0.13917094087188978,0.03949874695872202,0.01602516393760977,0.016347667248613758,0.32754133410028574
T4b_auth_citations,post_rank,lgbm,conf_title_has_kw,1.0,0.0,-0.4946334558402475,0.25892434549489185,0.05680071057742464,0.007629301411854722,0.030414460204102513,0.8020624616350933
T4b_auth_citations,post_rank,lgbm,conf_word_count,173.0,109.0,0.3663188577113509,0.12509617428951356,0.0036021365131044814,0.012472825419395003,0.014694379577717012,0.39648881023960425
T4b_auth_citations,post_rank,lgbm,conf_readability,159.0,65.0,0.011185384577682114,0.1073938788531141,0.9170999481950606,0.0005177458887873345,0.012614985463414776,0.9672826840237247
T4b_auth_citations,post_rank,lgbm,conf_internal_links,170.0,70.0,0.23423111130242377,0.1277814101141805,0.06753284493835121,-0.013788984058433542,0.015009799890827642,0.35882146908223733
T4b_auth_citations,post_rank,lgbm,conf_outbound_links,89.0,92.0,0.07356968078688372,0.1081523045964639,0.4967431503907027,0.0008499492188113521,0.012704073685477442,0.9466916482909069
T4b_auth_citations,post_rank,lgbm,conf_images_alt,129.0,214.0,-0.07358453910017748,0.11480265770276343,0.5219103447913247,-0.016694158323433548,0.013485255151855878,0.21645471872297084
T4b_auth_citations,post_rank,lgbm,conf_bm25,128.0,222.0,-0.18284936385248807,0.12298351444434187,0.1378569391872746,-0.0009340439742383447,0.014446216707350513,0.9484795182485599
T4b_auth_citations,post_rank,lgbm,conf_domain_authority,94.0,96.0,-0.3386319378887576,0.14724730470405192,0.021974087411952503,-0.0007196326357965597,0.017296354580033483,0.96683342287738
T4b_auth_citations,post_rank,lgbm,conf_backlinks,109.0,54.0,-0.06663835141778482,0.1246656078397073,0.5932657200203206,-0.0035351490788089225,0.014643803236091723,0.8093610563169238
T4b_auth_citations,post_rank,lgbm,conf_referring_domains,82.0,82.0,0.14544908329045592,0.11977738720520856,0.22533519578586336,0.005345760010838302,0.014069610061353089,0.7041825679538194
T4b_auth_citations,post_rank,lgbm,conf_serp_position,153.0,153.0,1.3121855613693292,0.10735964554581783,0.0,-0.02799208060270594,0.012610964259613227,0.026999046935571203
T5_topical_comp,post_rank,lgbm,conf_title_kw_sim,159.0,142.0,0.020139712523689013,0.2925616760256188,0.9451525353159456,0.04774273158041898,0.018689025234243907,0.01100655125367167
T5_topical_comp,post_rank,lgbm,conf_snippet_kw_sim,187.0,182.0,-0.6445494081788895,0.20668558902412115,0.0019512777766226286,0.03138619382063734,0.013203206384721815,0.017922962555241728
T5_topical_comp,post_rank,lgbm,conf_title_len,96.0,65.0,-0.0548295023014143,0.18428908074332281,0.7662271141604919,-0.019445948602335575,0.011772503245113947,0.0993698193902488
T5_topical_comp,post_rank,lgbm,conf_snippet_len,167.0,127.0,-0.2721732290317148,0.13944380398578798,0.051664227363757975,0.005191843455984602,0.00890775855146915,0.5603310016821583
T5_topical_comp,post_rank,lgbm,conf_brand_recog,25.0,12.0,-0.26012263267442615,0.1405252934194807,0.06490717046511163,-0.007536966224258174,0.008976844781734938,0.4016413931776772
T5_topical_comp,post_rank,lgbm,conf_title_has_kw,0.0,0.0,-0.5036086865239762,0.2583174895482814,0.05193616447073457,-0.019364183117412316,0.016501484904644925,0.2413117624387333
T5_topical_comp,post_rank,lgbm,conf_word_count,201.0,195.0,0.37585713684635524,0.12542649928928962,0.0029025026490441252,0.02735642097636733,0.008012324245965636,0.0007058673437112528
T5_topical_comp,post_rank,lgbm,conf_readability,158.0,192.0,0.008454535256084788,0.10767968516512434,0.9374577797480388,-0.004602730192472624,0.006878646515171814,0.5038024506161154
T5_topical_comp,post_rank,lgbm,conf_internal_links,183.0,145.0,0.24868028500750258,0.1280978484142816,0.052930846282609245,-0.009880186685281522,0.008182971720661122,0.227999318992814
T5_topical_comp,post_rank,lgbm,conf_outbound_links,102.0,136.0,0.07802154529534298,0.1084412689628546,0.4722705011347399,0.000170051814983436,0.0069272969707172135,0.9804278636533192
T5_topical_comp,post_rank,lgbm,conf_images_alt,149.0,169.0,-0.07801284884285746,0.11497685113576037,0.4978472243416805,-0.011237973747180937,0.007344794100926486,0.1268043940346839
T5_topical_comp,post_rank,lgbm,conf_bm25,115.0,180.0,-0.15792095611357637,0.12380006687020653,0.2028439658063228,0.06426662746797654,0.007908426712512299,5.773159728050814e-15
T5_topical_comp,post_rank,lgbm,conf_domain_authority,96.0,74.0,-0.37989830549980974,0.14975359131109295,0.011571345220551699,0.011330920237195743,0.009566354298184246,0.23694684211762174
T5_topical_comp,post_rank,lgbm,conf_backlinks,101.0,121.0,-0.0680204999844275,0.1248427460012503,0.5861653306602479,0.00878434158765897,0.007975033716054314,0.2713601535082941
T5_topical_comp,post_rank,lgbm,conf_referring_domains,72.0,115.0,0.1529146976306316,0.12038444652685014,0.20475597124836842,-0.017049833729607274,0.007690234720810711,0.027188082990552198
T5_topical_comp,post_rank,lgbm,conf_serp_position,151.0,74.0,1.3113325952641233,0.10786686318848644,0.0,-0.0013616768228446503,0.006890603565901875,0.8434493205739297
T6_freshness,post_rank,lgbm,conf_title_kw_sim,176.0,126.0,0.03420019827887259,0.29555651769777075,0.9079365303748121,0.04478280141485025,0.22952510168501122,0.8454048648582935
T6_freshness,post_rank,lgbm,conf_snippet_kw_sim,169.0,130.0,-0.6731167958305757,0.2025516619276613,0.0009715146016502363,0.057125318532974124,0.15729881771023835,0.7166730221651063
T6_freshness,post_rank,lgbm,conf_title_len,95.0,104.0,-0.05187048722843957,0.18183376665501502,0.7755893962413423,0.49692113841880703,0.1412095869390997,0.0004826428916973047
T6_freshness,post_rank,lgbm,conf_snippet_len,182.0,143.0,-0.23818699936533339,0.13935511158938949,0.08818402451725738,-0.24833396039179592,0.10822125124166043,0.02226562390101905
T6_freshness,post_rank,lgbm,conf_brand_recog,18.0,2.0,-0.28748303652116614,0.13917094087188978,0.03949874695872202,-0.019074784878743103,0.10807822681103446,0.8599974561175752
T6_freshness,post_rank,lgbm,conf_title_has_kw,1.0,2.0,-0.4946334558402475,0.25892434549489185,0.05680071057742464,0.05842122651675222,0.20107706367420186,0.7715518509874184
T6_freshness,post_rank,lgbm,conf_word_count,173.0,164.0,0.3663188577113509,0.12509617428951356,0.0036021365131044814,0.5341930088623391,0.09714795785206617,6.812998321059638e-08
T6_freshness,post_rank,lgbm,conf_readability,159.0,128.0,0.011185384577682114,0.1073938788531141,0.9170999481950606,0.08642022202407759,0.0834006001833967,0.3007288383112381
T6_freshness,post_rank,lgbm,conf_internal_links,170.0,183.0,0.23423111130242377,0.1277814101141805,0.06753284493835121,0.1715195159731944,0.09923327483477323,0.08467585278065504
T6_freshness,post_rank,lgbm,conf_outbound_links,89.0,123.0,0.07356968078688372,0.1081523045964639,0.4967431503907027,0.04377978663445119,0.08398958312046358,0.6024778559106947
T6_freshness,post_rank,lgbm,conf_images_alt,129.0,138.0,-0.07358453910017748,0.11480265770276343,0.5219103447913247,-0.1125667859217737,0.08915415531414979,0.2074618638882002
T6_freshness,post_rank,lgbm,conf_bm25,128.0,157.0,-0.18284936385248807,0.12298351444434187,0.1378569391872746,0.14560391155878427,0.09550729545163579,0.12816220444822335
T6_freshness,post_rank,lgbm,conf_domain_authority,94.0,102.0,-0.3386319378887576,0.14724730470405192,0.021974087411952503,-0.1580066659265996,0.1143502192010576,0.1678071327050863
T6_freshness,post_rank,lgbm,conf_backlinks,109.0,166.0,-0.06663835141778482,0.1246656078397073,0.5932657200203206,0.026290696447161102,0.09681358590539507,0.7860997672411154
T6_freshness,post_rank,lgbm,conf_referring_domains,82.0,88.0,0.14544908329045592,0.11977738720520856,0.22533519578586336,-0.0408511316233843,0.09301746140463413,0.660769238768788
T6_freshness,post_rank,lgbm,conf_serp_position,153.0,115.0,1.3121855613693292,0.10735964554581783,0.0,-0.005383234314378937,0.08337401507067647,0.9485506227609124
T7_source_earned,post_rank,lgbm,conf_title_kw_sim,136.0,421.0,-0.11847984407092649,0.2868060223756145,0.6797190593515561,0.004574870925493928,0.006223760978702967,0.4626624628132432
T7_source_earned,post_rank,lgbm,conf_snippet_kw_sim,171.0,66.0,-0.5432126102393753,0.1964023826463796,0.0058992823203551925,0.00194201949521723,0.004261979839593344,0.64884174600944
T7_source_earned,post_rank,lgbm,conf_title_len,99.0,26.0,-0.10205518941078826,0.17190476763924759,0.5530135566301997,-0.0023472713845136177,0.0037303755898297234,0.529499735903292
T7_source_earned,post_rank,lgbm,conf_snippet_len,136.0,66.0,-0.24217850832135265,0.13206312162060183,0.06730785844320075,-0.001122139371326545,0.0028658021064549653,0.695557422649367
T7_source_earned,post_rank,lgbm,conf_brand_recog,24.0,28.0,-0.25906569787952094,0.1279889650253819,0.0435164550171494,-0.006148658245129974,0.002777391909805583,0.02731512219626331
T7_source_earned,post_rank,lgbm,conf_title_has_kw,2.0,0.0,-0.6058976083489048,0.25888637570996675,0.019676099435352423,-0.00037380853674149613,0.005617897803245439,0.9469768139385324
T7_source_earned,post_rank,lgbm,conf_word_count,155.0,13.0,0.35344124944062466,0.11107092407370069,0.0015578062544951976,0.0008306531316429759,0.00241026627471946,0.7305241266171474
T7_source_earned,post_rank,lgbm,conf_readability,156.0,23.0,0.006290702096470634,0.0964854247150171,0.9480434092167247,0.0004872134419777442,0.002093757363882899,0.8160960458407587
T7_source_earned,post_rank,lgbm,conf_internal_links,148.0,27.0,0.23209998921883793,0.11436770277178675,0.04297265172250109,-0.0011634479703162338,0.0024818071804738563,0.6394343639927351
T7_source_earned,post_rank,lgbm,conf_outbound_links,120.0,15.0,0.06461014041532712,0.09743266818231747,0.5075714983120472,-0.00049794347301401,0.0021143127792827695,0.8139138078559784
T7_source_earned,post_rank,lgbm,conf_images_alt,115.0,2.0,-0.08886339635034808,0.1037603771376525,0.39219236475743857,6.563787695962254e-05,0.0022516256144687295,0.9767561430497067
T7_source_earned,post_rank,lgbm,conf_bm25,101.0,187.0,-0.1331391880707114,0.11212035730751378,0.23563706283894525,-0.004526543496678952,0.0024330392330982977,0.06343991081139877
T7_source_earned,post_rank,lgbm,conf_domain_authority,128.0,187.0,-0.39389778132291825,0.13533768770227952,0.0037782410533531152,0.007214382821763797,0.002936860992989221,0.0143867566594571
T7_source_earned,post_rank,lgbm,conf_backlinks,202.0,335.0,-0.06852739612028359,0.11388999822503944,0.547662178125164,0.0005120741317971561,0.002471440874729059,0.8359451211821853
T7_source_earned,post_rank,lgbm,conf_referring_domains,118.0,246.0,0.11186583707099984,0.11003401691653965,0.309838569176873,-0.0012238239842993254,0.0023877651352739817,0.6085117184251478
T7_source_earned,post_rank,lgbm,conf_serp_position,173.0,15.0,1.2752486155692784,0.0970769941703595,0.0,0.0007654028786314009,0.0021065945660513063,0.7165151077759104
